Trial, LineCoverage
1,101
2,101
3,164
4,176
5,176
6,176
7,176
8,176
9,176
10,176
11,176
12,176
13,177
14,177
15,177
16,177
17,177
18,177
19,177
20,177
21,177
22,177
23,215
24,215
25,215
26,215
27,215
28,215
29,215
30,215
31,225
32,225
33,225
34,225
35,225
36,226
37,226
38,226
39,226
40,226
41,226
42,226
43,226
44,227
45,227
46,227
47,227
48,227
49,227
50,227
51,227
52,227
53,227
54,227
55,227
56,227
57,227
58,227
59,227
60,227
61,227
62,227
63,227
64,227
65,227
66,227
67,227
68,227
69,227
70,227
71,227
72,227
73,227
74,227
75,227
76,227
77,227
78,227
79,227
80,227
81,227
82,227
83,227
84,227
85,227
86,227
87,227
88,227
89,227
90,227
91,227
92,227
93,227
94,227
95,227
96,227
97,227
98,227
99,227
100,227
101,227
102,227
103,227
104,227
105,227
106,227
107,227
108,227
109,227
110,227
111,227
112,227
113,227
114,227
115,227
116,227
117,227
118,227
119,227
120,227
121,227
122,227
123,227
124,227
125,227
126,230
127,230
128,230
129,230
130,230
131,230
132,230
133,230
134,230
135,230
136,230
137,230
138,230
139,230
140,230
141,230
142,230
143,230
144,230
145,230
146,230
147,230
148,230
149,230
150,230
151,230
152,230
153,230
154,230
155,230
156,230
157,230
158,230
159,230
160,230
161,230
162,230
163,230
164,230
165,230
166,230
167,230
168,230
169,230
170,230
171,230
172,230
173,230
174,230
175,230
176,230
177,230
178,230
179,230
180,230
181,230
182,230
183,230
184,230
185,230
186,230
187,230
188,230
189,230
190,230
191,230
192,230
193,230
194,230
195,230
196,230
197,230
198,230
199,230
200,230
201,230
202,230
203,230
204,230
205,230
206,230
207,230
208,230
209,230
210,230
211,230
212,230
213,230
214,230
215,230
216,230
217,230
218,230
219,230
220,230
221,230
222,230
223,230
224,230
225,230
226,230
227,230
228,230
229,230
230,230
231,230
232,230
233,230
234,230
235,230
236,230
237,230
238,230
239,230
240,230
241,230
242,230
243,230
244,230
245,230
246,230
247,230
248,230
249,230
250,230
251,230
252,230
253,230
254,230
255,230
256,230
257,230
258,230
259,230
260,230
261,230
262,230
263,230
264,230
265,230
266,230
267,230
268,230
269,230
270,230
271,230
272,230
273,230
274,230
275,230
276,230
277,230
278,230
279,230
280,230
281,230
282,230
283,230
284,230
285,230
286,230
287,230
288,230
289,230
290,230
291,230
292,230
293,230
294,230
295,230
296,230
297,230
298,230
299,230
300,230
301,230
302,230
303,230
304,230
305,230
306,230
307,230
308,230
309,230
310,230
311,230
312,230
313,230
314,230
315,230
316,230
317,230
318,230
319,230
320,230
321,230
322,230
323,230
324,230
325,230
326,230
327,230
328,230
329,230
330,230
331,230
332,230
333,230
334,230
335,230
336,230
337,230
338,230
339,230
340,230
341,230
342,230
343,230
344,230
345,230
346,230
347,230
348,230
349,230
350,230
351,230
352,230
353,230
354,230
355,230
356,230
357,230
358,230
359,230
360,230
361,230
362,230
363,230
364,230
365,230
366,230
367,230
368,230
369,230
370,230
371,230
372,230
373,230
374,230
375,230
376,230
377,230
378,230
379,230
380,230
381,230
382,230
383,230
384,230
385,230
386,230
387,230
388,230
389,230
390,230
391,230
392,230
393,230
394,230
395,230
396,230
397,230
398,230
399,230
400,230
401,230
402,230
403,230
404,230
405,230
406,230
407,230
408,230
409,230
410,230
411,230
412,230
413,230
414,230
415,230
416,230
417,230
418,230
419,230
420,230
421,230
422,230
423,230
424,230
425,230
426,230
427,230
428,230
429,230
430,230
431,230
432,230
433,230
434,230
435,230
436,230
437,230
438,230
439,230
440,230
441,230
442,230
443,230
444,230
445,230
446,230
447,230
448,230
449,230
450,230
451,230
452,230
453,230
454,230
455,230
456,230
457,230
458,230
459,230
460,230
461,230
462,230
463,230
464,230
465,230
466,230
467,230
468,230
469,230
470,230
471,230
472,230
473,230
474,230
475,230
476,230
477,230
478,230
479,230
480,230
481,230
482,230
483,230
484,230
485,230
486,230
487,230
488,230
489,230
490,230
491,230
492,230
493,230
494,230
495,230
496,230
497,230
498,230
499,230
500,230
501,230
502,230
503,230
504,230
505,230
506,230
507,230
508,230
509,230
510,230
511,230
512,230
513,230
514,230
515,230
516,230
517,230
518,230
519,230
520,230
521,230
522,230
523,230
524,230
525,230
526,230
527,230
528,230
529,230
530,230
531,230
532,230
533,230
534,230
535,230
536,230
537,230
538,230
539,230
540,230
541,230
542,230
543,230
544,230
545,230
546,230
547,230
548,230
549,230
550,230
551,230
552,230
553,230
554,230
555,230
556,230
557,230
558,230
559,230
560,230
561,230
562,230
563,230
564,230
565,230
566,230
567,230
568,230
569,230
570,230
571,230
572,230
573,230
574,230
575,230
576,230
577,230
578,230
579,230
580,230
581,230
582,230
583,230
584,230
585,230
586,230
587,230
588,230
589,230
590,230
591,230
592,230
593,230
594,230
595,230
596,230
597,230
598,230
599,230
600,230
601,230
602,230
603,230
604,230
605,230
606,230
607,230
608,230
609,230
610,230
611,230
612,230
613,230
614,230
615,230
616,230
617,230
618,230
619,230
620,230
621,230
622,230
623,230
624,230
625,230
626,230
627,230
628,230
629,230
630,230
631,230
632,230
633,230
634,230
635,230
636,230
637,230
638,230
639,230
640,230
641,230
642,230
643,230
644,230
645,230
646,230
647,230
648,230
649,230
650,230
651,230
652,230
653,230
654,230
655,230
656,230
657,230
658,230
659,230
660,230
661,230
662,230
663,230
664,230
665,230
666,230
667,230
668,230
669,230
670,230
671,230
672,230
673,230
674,230
675,230
676,230
677,230
678,230
679,230
680,230
681,230
682,230
683,230
684,230
685,230
686,230
687,230
688,230
689,230
690,230
691,230
692,230
693,230
694,230
695,230
696,230
697,230
698,230
699,230
700,230
701,230
702,230
703,230
704,230
705,230
706,230
707,230
708,230
709,230
710,230
711,230
712,230
713,230
714,230
715,230
716,230
717,230
718,230
719,230
720,230
721,230
722,230
723,230
724,230
725,230
726,230
727,230
728,230
729,230
730,230
731,230
732,230
733,230
734,230
735,230
736,230
737,230
738,230
739,230
740,230
741,230
742,230
743,230
744,230
745,230
746,230
747,230
748,230
749,230
750,230
751,230
752,230
753,230
754,230
755,230
756,230
757,230
758,230
759,230
760,230
761,230
762,230
763,230
764,230
765,230
766,230
767,230
768,230
769,230
770,230
771,230
772,230
773,230
774,230
775,230
776,230
777,230
778,230
779,230
780,230
781,230
782,230
783,230
784,230
785,230
786,230
787,230
788,230
789,230
790,230
791,230
792,230
793,230
794,230
795,230
796,230
797,230
798,230
799,230
800,230
801,230
802,230
803,230
804,230
805,230
806,230
807,230
808,230
809,230
810,230
811,230
812,230
813,230
814,230
815,230
816,230
817,230
818,230
819,230
820,230
821,230
822,230
823,230
824,230
825,230
826,230
827,230
828,230
829,230
830,230
831,230
832,230
833,230
834,230
835,230
836,230
837,230
838,230
839,230
840,230
841,230
842,230
843,230
844,230
845,230
846,230
847,230
848,230
849,230
850,230
851,230
852,230
853,230
854,230
855,230
856,230
857,230
858,230
859,230
860,230
861,230
862,230
863,230
864,230
865,230
866,230
867,230
868,230
869,230
870,230
871,230
872,230
873,230
874,230
875,230
876,230
877,230
878,230
879,230
880,230
881,230
882,230
883,230
884,230
885,230
886,230
887,230
888,230
889,230
890,230
891,230
892,230
893,230
894,230
895,230
896,230
897,230
898,230
899,230
900,230
901,230
902,230
903,230
904,230
905,230
906,230
907,230
908,230
909,230
910,230
911,230
912,230
913,230
914,230
915,230
916,230
917,230
918,230
919,230
920,230
921,230
922,230
923,230
924,230
925,230
926,230
927,230
928,230
929,230
930,230
931,230
932,230
933,230
934,230
935,230
936,230
937,230
938,230
939,231
940,231
941,231
942,231
943,231
944,231
945,231
946,231
947,231
948,231
949,231
950,231
951,231
952,231
953,231
954,231
955,231
956,231
957,231
958,231
959,231
960,231
961,231
962,231
963,231
964,231
965,231
966,231
967,231
968,231
969,231
970,231
971,231
972,231
973,231
974,231
975,231
976,231
977,231
978,231
979,231
980,231
981,231
982,231
983,231
984,231
985,231
986,231
987,231
988,231
989,231
990,231
991,231
992,231
993,231
994,231
995,231
996,231
997,231
998,231
999,231
1000,231
1001,231
1002,231
1003,231
1004,231
1005,231
1006,231
1007,231
1008,231
1009,231
1010,231
1011,231
1012,231
1013,231
1014,231
1015,231
1016,231
1017,231
1018,231
1019,231
1020,231
1021,231
1022,231
1023,231
1024,231
1025,231
1026,231
1027,231
1028,231
1029,231
1030,231
1031,231
1032,231
1033,231
1034,231
1035,231
1036,231
1037,231
1038,231
1039,231
1040,231
1041,231
1042,231
1043,231
1044,231
1045,231
1046,231
1047,231
1048,231
1049,231
1050,231
1051,231
1052,231
1053,231
1054,231
1055,231
1056,231
1057,231
1058,231
1059,231
1060,231
1061,231
1062,231
1063,231
1064,231
1065,231
1066,231
1067,231
1068,231
1069,231
1070,231
1071,231
1072,231
1073,231
1074,231
1075,231
1076,231
1077,231
1078,231
1079,231
1080,231
1081,231
1082,231
1083,231
1084,231
1085,231
1086,231
1087,231
1088,231
1089,231
1090,231
1091,231
1092,231
1093,231
1094,231
1095,231
1096,231
1097,231
1098,231
1099,231
1100,231
1101,231
1102,231
1103,231
1104,231
1105,231
1106,231
1107,231
1108,231
1109,231
1110,231
1111,231
1112,231
1113,231
1114,231
1115,231
1116,231
1117,231
1118,231
1119,231
1120,231
1121,231
1122,231
1123,231
1124,231
1125,231
1126,231
1127,231
1128,231
1129,231
1130,231
1131,231
1132,231
1133,231
1134,231
1135,231
1136,231
1137,231
1138,231
1139,231
1140,231
1141,231
1142,231
1143,231
1144,231
1145,231
1146,231
1147,231
1148,231
1149,231
1150,231
1151,231
1152,231
1153,231
1154,231
1155,231
1156,231
1157,231
1158,231
1159,231
1160,231
1161,231
1162,231
1163,231
1164,231
1165,231
1166,231
1167,231
1168,231
1169,231
1170,231
1171,231
1172,231
1173,231
1174,231
1175,231
1176,231
1177,231
1178,231
1179,231
1180,231
1181,231
1182,231
1183,231
1184,231
1185,231
1186,231
1187,231
1188,231
1189,231
1190,231
1191,231
1192,231
1193,231
1194,231
1195,231
1196,231
1197,231
1198,231
1199,231
1200,231
1201,231
1202,231
1203,231
1204,231
1205,231
1206,231
1207,231
1208,231
1209,231
1210,231
1211,231
1212,231
1213,231
1214,231
1215,231
1216,231
1217,231
1218,231
1219,231
1220,231
1221,231
1222,231
1223,231
1224,231
1225,231
1226,231
1227,231
1228,231
1229,231
1230,231
1231,231
1232,231
1233,231
1234,231
1235,231
1236,231
1237,231
1238,231
1239,231
1240,231
1241,231
1242,231
1243,231
1244,231
1245,231
1246,231
1247,231
1248,231
1249,231
1250,231
1251,231
1252,231
1253,231
1254,231
1255,231
1256,231
1257,231
1258,231
1259,231
1260,231
1261,231
1262,231
1263,231
1264,231
1265,231
1266,231
1267,231
1268,231
1269,231
1270,231
1271,231
1272,231
1273,231
1274,231
1275,231
1276,231
1277,231
1278,231
1279,231
1280,231
1281,231
1282,231
1283,231
1284,231
1285,231
1286,231
1287,231
1288,231
1289,231
1290,231
1291,231
1292,231
1293,231
1294,231
1295,231
1296,231
1297,231
1298,231
1299,231
1300,231
1301,231
1302,231
1303,231
1304,231
1305,231
1306,231
1307,231
1308,231
1309,231
1310,231
1311,231
1312,231
1313,231
1314,231
1315,231
1316,231
1317,231
1318,231
1319,231
1320,231
1321,231
1322,231
1323,231
1324,231
1325,231
1326,231
1327,231
1328,231
1329,231
1330,231
1331,231
1332,231
1333,231
1334,231
1335,231
1336,231
1337,231
1338,231
1339,231
1340,231
1341,231
1342,231
1343,231
1344,231
1345,231
1346,231
1347,231
1348,231
1349,231
1350,231
1351,231
1352,231
1353,231
1354,231
1355,231
1356,231
1357,231
1358,231
1359,231
1360,231
1361,231
1362,231
1363,231
1364,231
1365,231
1366,231
1367,231
1368,231
1369,231
1370,231
1371,231
1372,231
1373,231
1374,231
1375,231
1376,231
1377,231
1378,231
1379,231
1380,231
1381,231
1382,231
1383,231
1384,231
1385,231
1386,231
1387,231
1388,231
1389,231
1390,231
1391,231
1392,231
1393,231
1394,231
1395,231
1396,231
1397,231
1398,231
1399,231
1400,231
1401,231
1402,231
1403,231
1404,231
1405,231
1406,231
1407,231
1408,231
1409,231
1410,231
1411,231
1412,231
1413,231
1414,231
1415,231
1416,231
1417,231
1418,231
1419,231
1420,231
1421,231
1422,231
1423,231
1424,231
1425,231
1426,231
1427,231
1428,231
1429,231
1430,231
1431,231
1432,231
1433,231
1434,231
1435,231
1436,231
1437,231
1438,231
1439,231
1440,231
1441,231
1442,231
1443,231
1444,231
1445,231
1446,231
1447,231
1448,231
1449,231
1450,231
1451,231
1452,231
1453,231
1454,231
1455,231
1456,231
1457,231
1458,231
1459,231
1460,231
1461,231
1462,231
1463,231
1464,231
1465,231
1466,231
1467,231
1468,231
1469,231
1470,231
1471,231
1472,231
1473,231
1474,231
1475,231
1476,231
1477,231
1478,231
1479,231
1480,231
1481,231
1482,231
1483,231
1484,231
1485,231
1486,231
1487,231
1488,231
1489,231
1490,231
1491,231
1492,231
1493,231
1494,231
1495,231
1496,233
1497,233
1498,233
1499,233
1500,233
1501,233
1502,233
1503,233
1504,233
1505,233
1506,233
1507,233
1508,233
1509,233
1510,233
1511,233
1512,233
1513,233
1514,233
1515,233
1516,233
1517,233
1518,233
1519,233
1520,233
1521,233
1522,233
1523,233
1524,233
1525,233
1526,233
1527,233
1528,233
1529,233
1530,233
1531,233
1532,233
1533,233
1534,233
1535,233
1536,233
1537,233
1538,233
1539,233
1540,233
1541,233
1542,233
1543,233
1544,233
1545,233
1546,233
1547,233
1548,233
1549,233
1550,233
1551,233
1552,233
1553,233
1554,233
1555,233
1556,233
1557,233
1558,233
1559,233
1560,233
1561,233
1562,233
1563,233
1564,233
1565,233
1566,233
1567,233
1568,233
1569,233
1570,233
1571,233
1572,233
1573,233
1574,233
1575,233
1576,233
1577,233
1578,233
1579,233
1580,233
1581,233
1582,233
1583,233
1584,233
1585,233
1586,233
1587,233
1588,233
1589,233
1590,233
1591,233
1592,233
1593,233
1594,233
1595,233
1596,233
1597,233
1598,233
1599,233
1600,233
1601,233
1602,233
1603,233
1604,233
1605,233
1606,233
1607,233
1608,233
1609,233
1610,233
1611,233
1612,233
1613,233
1614,233
1615,233
1616,233
1617,233
1618,233
1619,233
1620,233
1621,233
1622,233
1623,233
1624,233
1625,233
1626,233
1627,233
1628,233
1629,233
1630,233
1631,233
1632,233
1633,233
1634,233
1635,233
1636,233
1637,233
1638,233
1639,233
1640,233
1641,233
1642,233
1643,233
1644,233
1645,233
1646,233
1647,233
1648,233
1649,233
1650,233
1651,233
1652,233
1653,233
1654,233
1655,233
1656,233
1657,233
1658,233
1659,233
1660,233
1661,233
1662,233
1663,233
1664,233
1665,233
1666,233
1667,233
1668,233
1669,233
1670,233
1671,233
1672,233
1673,233
1674,233
1675,233
1676,233
1677,233
1678,233
1679,233
1680,233
1681,233
1682,233
1683,233
1684,233
1685,233
1686,233
1687,233
1688,233
1689,233
1690,233
1691,233
1692,233
1693,233
1694,233
1695,233
1696,233
1697,233
1698,233
1699,233
1700,233
1701,233
1702,233
1703,233
1704,233
1705,233
1706,233
1707,233
1708,233
1709,233
1710,233
1711,233
1712,233
1713,233
1714,233
1715,233
1716,233
1717,233
1718,233
1719,233
1720,233
1721,233
1722,233
1723,233
1724,233
1725,233
1726,233
1727,233
1728,233
1729,233
1730,233
1731,233
1732,233
1733,233
1734,233
1735,233
1736,233
1737,233
1738,233
1739,233
1740,233
1741,233
1742,233
1743,233
1744,233
1745,233
1746,233
1747,233
1748,233
1749,233
1750,233
1751,233
1752,233
1753,233
1754,233
1755,233
1756,233
1757,233
1758,233
1759,233
1760,233
1761,233
1762,233
1763,233
1764,233
1765,233
1766,233
1767,233
1768,233
1769,233
1770,233
1771,233
1772,233
1773,233
1774,233
1775,233
1776,233
1777,233
1778,233
1779,233
1780,233
1781,233
1782,233
1783,233
1784,233
1785,233
1786,233
1787,233
1788,233
1789,233
1790,233
1791,233
1792,233
1793,233
1794,233
1795,233
1796,233
1797,233
1798,233
1799,233
1800,233
1801,233
1802,233
1803,233
1804,233
1805,233
1806,233
1807,233
1808,233
1809,233
1810,233
1811,233
1812,233
1813,233
1814,233
1815,233
1816,233
1817,233
1818,233
1819,233
1820,233
1821,233
1822,233
1823,233
1824,233
1825,233
1826,233
1827,233
1828,233
1829,233
1830,233
1831,233
1832,233
1833,233
1834,233
1835,233
1836,233
1837,233
1838,233
1839,233
1840,233
1841,233
1842,233
1843,233
1844,233
1845,233
1846,233
1847,233
1848,233
1849,233
1850,233
1851,233
1852,233
1853,233
1854,233
1855,233
1856,233
1857,233
1858,233
1859,233
1860,233
1861,233
1862,233
1863,233
1864,233
1865,233
1866,233
1867,233
1868,233
1869,233
1870,233
1871,233
1872,233
1873,233
1874,233
1875,233
1876,233
1877,233
1878,233
1879,233
1880,233
1881,233
1882,233
1883,233
1884,233
1885,233
1886,233
1887,233
1888,233
1889,233
1890,233
1891,233
1892,233
1893,233
1894,233
1895,233
1896,233
1897,233
1898,233
1899,233
1900,233
1901,233
1902,233
1903,233
1904,233
1905,233
1906,233
1907,233
1908,233
1909,233
1910,233
1911,233
1912,233
1913,233
1914,233
1915,233
1916,233
1917,233
1918,233
1919,233
1920,233
1921,233
1922,233
1923,233
1924,233
1925,233
1926,233
1927,233
1928,233
1929,233
1930,233
1931,233
1932,233
1933,233
1934,233
1935,233
1936,233
1937,233
1938,233
1939,233
1940,233
1941,233
1942,233
1943,233
1944,233
1945,233
1946,233
1947,233
1948,233
1949,233
1950,233
1951,233
1952,233
1953,233
1954,233
1955,233
1956,233
1957,233
1958,233
1959,233
1960,233
1961,233
1962,233
1963,233
1964,233
1965,233
1966,233
1967,233
1968,233
1969,233
1970,233
1971,233
1972,233
1973,233
1974,233
1975,233
1976,233
1977,233
1978,233
1979,233
1980,233
1981,233
1982,233
1983,233
1984,233
1985,233
1986,233
1987,233
1988,233
1989,233
1990,233
1991,233
1992,233
1993,233
1994,233
1995,233
1996,233
1997,233
1998,233
1999,233
2000,233
2001,233
2002,233
2003,233
2004,233
2005,233
2006,233
2007,233
2008,233
2009,233
2010,233
2011,233
2012,233
2013,233
2014,233
2015,233
2016,233
2017,233
2018,233
2019,233
2020,233
2021,233
2022,233
2023,233
2024,233
2025,233
2026,233
2027,233
2028,233
2029,233
2030,233
2031,233
2032,233
2033,233
2034,233
2035,233
2036,233
2037,233
2038,233
2039,233
2040,233
2041,233
2042,233
2043,233
2044,233
2045,233
2046,233
2047,233
2048,233
2049,233
2050,233
2051,233
2052,233
2053,233
2054,233
2055,233
2056,233
2057,233
2058,233
2059,233
2060,233
2061,233
2062,233
2063,233
2064,233
2065,233
2066,233
2067,233
2068,233
2069,233
2070,233
2071,233
2072,233
2073,233
2074,233
2075,233
2076,233
2077,233
2078,233
2079,233
2080,233
2081,233
2082,233
2083,233
2084,233
2085,233
2086,233
2087,233
2088,233
2089,233
2090,233
2091,233
2092,233
2093,233
2094,233
2095,233
2096,233
2097,233
2098,233
2099,233
2100,233
2101,233
2102,233
2103,233
2104,233
2105,233
2106,233
2107,233
2108,233
2109,233
2110,233
2111,233
2112,233
2113,233
2114,233
2115,233
2116,233
2117,233
2118,233
2119,233
2120,233
2121,233
2122,233
2123,233
2124,233
2125,233
2126,233
2127,233
2128,233
2129,233
2130,233
2131,233
2132,233
2133,233
2134,233
2135,233
2136,233
2137,233
2138,233
2139,233
2140,233
2141,233
2142,233
2143,233
2144,233
2145,233
2146,233
2147,233
2148,233
2149,233
2150,233
2151,233
2152,233
2153,233
2154,233
2155,233
2156,233
2157,233
2158,233
2159,233
2160,233
2161,233
2162,233
2163,233
2164,233
2165,233
2166,233
2167,233
2168,233
2169,233
2170,233
2171,233
2172,233
2173,233
2174,233
2175,233
2176,233
2177,233
2178,233
2179,233
2180,233
2181,233
2182,233
2183,233
2184,233
2185,233
2186,233
2187,233
2188,233
2189,233
2190,233
2191,233
2192,233
2193,233
2194,233
2195,233
2196,233
2197,233
2198,233
2199,233
2200,233
2201,233
2202,233
2203,233
2204,233
2205,233
2206,233
2207,233
2208,233
2209,233
2210,233
2211,233
2212,233
2213,233
2214,233
2215,233
2216,233
2217,233
2218,233
2219,233
2220,233
2221,233
2222,233
2223,233
2224,233
2225,233
2226,233
2227,233
2228,233
2229,233
2230,233
2231,233
2232,233
2233,233
2234,233
2235,233
2236,233
2237,233
2238,233
2239,233
2240,233
2241,233
2242,233
2243,233
2244,233
2245,233
2246,233
2247,233
2248,233
2249,233
2250,233
2251,233
2252,233
2253,233
2254,233
2255,233
2256,233
2257,233
2258,233
2259,233
2260,233
2261,233
2262,233
2263,233
2264,233
2265,233
2266,233
2267,233
2268,233
2269,233
2270,233
2271,233
2272,233
2273,233
2274,233
2275,233
2276,233
2277,233
2278,233
2279,233
2280,233
2281,233
2282,233
2283,233
2284,233
2285,233
2286,233
2287,233
2288,233
2289,233
2290,233
2291,233
2292,233
2293,233
2294,233
2295,233
2296,233
2297,233
2298,233
2299,233
2300,233
2301,233
2302,233
2303,233
2304,233
2305,233
2306,233
2307,233
2308,233
2309,233
2310,233
2311,233
2312,233
2313,233
2314,233
2315,233
2316,233
2317,233
2318,233
2319,233
2320,233
2321,233
2322,233
2323,233
2324,233
2325,233
2326,233
2327,233
2328,233
2329,233
2330,233
2331,233
2332,233
2333,233
2334,233
2335,233
2336,233
2337,233
2338,233
2339,233
2340,233
2341,233
2342,233
2343,233
2344,233
2345,233
2346,233
2347,233
2348,233
2349,233
2350,233
2351,233
2352,233
2353,233
2354,233
2355,233
2356,233
2357,233
2358,233
2359,233
2360,233
2361,233
2362,233
2363,233
2364,233
2365,233
2366,233
2367,233
2368,233
2369,233
2370,233
2371,233
2372,233
2373,233
2374,233
2375,233
2376,233
2377,233
2378,233
2379,233
2380,233
2381,233
2382,233
2383,233
2384,233
2385,233
2386,233
2387,233
2388,233
2389,233
2390,233
2391,233
2392,233
2393,233
2394,233
2395,233
2396,233
2397,233
2398,233
2399,233
2400,233
2401,233
2402,233
2403,233
2404,233
2405,233
2406,233
2407,233
2408,233
2409,233
2410,233
2411,233
2412,233
2413,233
2414,233
2415,233
2416,233
2417,233
2418,233
2419,233
2420,233
2421,233
2422,233
2423,233
2424,233
2425,233
2426,233
2427,233
2428,233
2429,233
2430,233
2431,233
2432,233
2433,233
2434,233
2435,233
2436,233
2437,233
2438,233
2439,233
2440,233
2441,233
2442,233
2443,233
2444,233
2445,233
2446,233
2447,233
2448,233
2449,233
2450,233
2451,233
2452,233
2453,233
2454,233
2455,233
2456,233
2457,233
2458,233
2459,233
2460,233
2461,233
2462,233
2463,233
2464,233
2465,233
2466,233
2467,233
2468,233
2469,233
2470,233
2471,233
2472,233
2473,233
2474,233
2475,233
2476,233
2477,233
2478,233
2479,233
2480,233
2481,233
2482,233
2483,233
2484,233
2485,233
2486,233
2487,233
2488,233
2489,233
2490,233
2491,233
2492,233
2493,233
2494,233
2495,233
2496,233
2497,233
2498,233
2499,233
2500,233
2501,233
2502,233
2503,233
2504,233
2505,233
2506,233
2507,233
2508,233
2509,233
2510,233
2511,233
2512,233
2513,233
2514,233
2515,233
2516,233
2517,233
2518,233
2519,233
2520,233
2521,233
2522,233
2523,233
2524,233
2525,233
2526,233
2527,233
2528,233
2529,233
2530,233
2531,233
2532,233
2533,233
2534,233
2535,233
2536,233
2537,233
2538,233
2539,233
2540,233
2541,233
2542,233
2543,233
2544,233
2545,233
2546,233
2547,233
2548,233
2549,233
2550,233
2551,233
2552,233
2553,233
2554,233
2555,233
2556,233
2557,233
2558,233
2559,233
2560,233
2561,233
2562,233
2563,233
2564,233
2565,233
2566,233
2567,233
2568,233
2569,233
2570,233
2571,233
2572,233
2573,233
2574,233
2575,233
2576,233
2577,233
2578,233
2579,233
2580,233
2581,233
2582,233
2583,233
2584,233
2585,233
2586,233
2587,233
2588,233
2589,233
2590,233
2591,233
2592,233
2593,233
2594,233
2595,233
2596,233
2597,233
2598,233
2599,233
2600,233
2601,233
2602,233
2603,233
2604,233
2605,233
2606,233
2607,233
2608,233
2609,233
2610,233
2611,233
2612,233
2613,233
2614,233
2615,233
2616,233
2617,233
2618,233
2619,233
2620,233
2621,233
2622,233
2623,233
2624,233
2625,233
2626,233
2627,233
2628,233
2629,233
2630,233
2631,233
2632,233
2633,233
2634,233
2635,233
2636,233
2637,233
2638,233
2639,233
2640,233
2641,233
2642,233
2643,233
2644,233
2645,233
2646,233
2647,233
2648,233
2649,233
2650,233
2651,233
2652,233
2653,233
2654,233
2655,233
2656,233
2657,233
2658,233
2659,233
2660,233
2661,233
2662,233
2663,233
2664,233
2665,233
2666,233
2667,233
2668,233
2669,233
2670,233
2671,233
2672,233
2673,233
2674,233
2675,233
2676,233
2677,233
2678,233
2679,233
2680,233
2681,233
2682,233
2683,233
2684,233
2685,233
2686,233
2687,233
2688,233
2689,233
2690,233
2691,233
2692,233
2693,233
2694,233
2695,233
2696,233
2697,233
2698,233
2699,233
2700,233
2701,233
2702,233
2703,233
2704,233
2705,233
2706,233
2707,233
2708,233
2709,233
2710,233
2711,233
2712,233
2713,233
2714,233
2715,233
2716,233
2717,233
2718,233
2719,233
2720,233
2721,233
2722,233
2723,233
2724,233
2725,233
2726,233
2727,233
2728,233
2729,233
2730,233
2731,233
2732,233
2733,233
2734,233
2735,233
2736,233
2737,233
2738,233
2739,233
2740,233
2741,233
2742,233
2743,233
2744,233
2745,233
2746,233
2747,233
2748,233
2749,233
2750,233
2751,233
2752,233
2753,233
2754,233
2755,233
2756,233
2757,233
2758,233
2759,233
2760,233
2761,233
2762,233
2763,233
2764,233
2765,233
2766,233
2767,233
2768,233
2769,233
2770,233
2771,233
2772,233
2773,233
2774,233
2775,233
2776,233
2777,233
2778,233
2779,233
2780,233
2781,233
2782,233
2783,233
2784,233
2785,233
2786,233
2787,233
2788,233
2789,233
2790,233
2791,233
2792,233
2793,233
2794,233
2795,233
2796,233
2797,233
2798,233
2799,233
2800,233
2801,233
2802,233
2803,233
2804,233
2805,233
2806,233
2807,233
2808,233
2809,233
2810,233
2811,233
2812,233
2813,233
2814,233
2815,233
2816,233
2817,233
2818,233
2819,233
2820,233
2821,233
2822,233
2823,233
2824,233
2825,233
2826,233
2827,233
2828,233
2829,233
2830,233
2831,233
2832,233
2833,233
2834,233
2835,233
2836,233
2837,233
2838,233
2839,233
2840,233
2841,233
2842,233
2843,233
2844,233
2845,233
2846,233
2847,233
2848,233
2849,233
2850,233
2851,233
2852,233
2853,233
2854,233
2855,233
2856,233
2857,233
2858,233
2859,233
2860,233
2861,233
2862,233
2863,233
2864,233
2865,233
2866,233
2867,233
2868,233
2869,233
2870,233
2871,233
2872,233
2873,233
2874,233
2875,233
2876,233
2877,233
2878,233
2879,233
2880,233
2881,233
2882,233
2883,233
2884,233
2885,233
2886,233
2887,233
2888,233
2889,233
2890,233
2891,233
2892,233
2893,233
2894,233
2895,233
2896,233
2897,233
2898,233
2899,233
2900,233
2901,233
2902,233
2903,233
2904,233
2905,233
2906,233
2907,233
2908,233
2909,233
2910,233
2911,233
2912,233
2913,233
2914,233
2915,233
2916,233
2917,233
2918,233
2919,233
2920,233
2921,233
2922,233
2923,233
2924,233
2925,233
2926,233
2927,233
2928,233
2929,233
2930,233
2931,233
2932,233
2933,233
2934,233
2935,233
2936,233
2937,233
2938,233
2939,233
2940,233
2941,233
2942,233
2943,233
2944,233
2945,233
2946,233
2947,233
2948,233
2949,233
2950,233
2951,233
2952,233
2953,233
2954,233
2955,233
2956,233
2957,233
2958,233
2959,233
2960,233
2961,233
2962,233
2963,233
2964,233
2965,233
2966,233
2967,233
2968,233
2969,233
2970,233
2971,233
2972,233
2973,233
2974,233
2975,233
2976,233
2977,233
2978,233
2979,233
2980,233
2981,233
2982,233
2983,233
2984,233
2985,233
2986,233
2987,233
2988,233
2989,233
2990,233
2991,233
2992,233
2993,233
2994,233
2995,233
2996,233
2997,233
2998,233
2999,233
3000,233
3001,233
3002,233
3003,233
3004,233
3005,233
3006,233
3007,233
3008,233
3009,233
3010,233
3011,233
3012,233
3013,233
3014,233
3015,233
3016,233
3017,233
3018,233
3019,233
3020,233
3021,233
3022,233
3023,233
3024,233
3025,233
3026,233
3027,233
3028,233
3029,233
3030,233
3031,233
3032,233
3033,233
3034,233
3035,233
3036,233
3037,233
3038,233
3039,233
3040,233
3041,233
3042,233
3043,233
3044,233
3045,233
3046,233
3047,233
3048,233
3049,233
3050,233
3051,233
3052,233
3053,233
3054,233
3055,233
3056,233
3057,233
3058,233
3059,233
3060,233
3061,233
3062,233
3063,233
3064,233
3065,233
3066,233
3067,233
3068,233
3069,233
3070,233
3071,233
3072,233
3073,233
3074,233
3075,233
3076,233
3077,233
3078,233
3079,233
3080,233
3081,233
3082,233
3083,233
3084,233
3085,233
3086,233
3087,233
3088,233
3089,233
3090,233
3091,233
3092,233
3093,233
3094,233
3095,233
3096,233
3097,233
3098,233
3099,233
3100,233
3101,233
3102,233
3103,233
3104,233
3105,233
3106,233
3107,233
3108,233
3109,233
3110,233
3111,233
3112,233
3113,233
3114,233
3115,233
3116,233
3117,233
3118,233
3119,233
3120,233
3121,233
3122,233
3123,233
3124,233
3125,233
3126,233
3127,233
3128,233
3129,233
3130,233
3131,233
3132,233
3133,233
3134,233
3135,233
3136,233
3137,233
3138,233
3139,233
3140,233
3141,233
3142,233
3143,233
3144,233
3145,233
3146,233
3147,233
3148,233
3149,233
3150,233
3151,233
3152,233
3153,233
3154,233
3155,233
3156,233
3157,233
3158,233
3159,233
3160,233
3161,233
3162,233
3163,233
3164,233
3165,233
3166,233
3167,233
3168,233
3169,233
3170,233
3171,233
3172,233
3173,233
3174,233
3175,233
3176,233
3177,233
3178,233
3179,233
3180,233
3181,233
3182,233
3183,233
3184,233
3185,233
3186,233
3187,233
3188,233
3189,233
3190,233
3191,233
3192,233
3193,233
3194,233
3195,233
3196,233
3197,233
3198,233
3199,233
3200,233
3201,233
3202,233
3203,233
3204,233
3205,233
3206,233
3207,233
3208,233
3209,233
3210,233
3211,233
3212,233
3213,233
3214,233
3215,233
3216,233
3217,233
3218,233
3219,233
3220,233
3221,233
3222,233
3223,233
3224,233
3225,233
3226,233
3227,233
3228,233
3229,233
3230,233
3231,233
3232,233
3233,233
3234,233
3235,233
3236,233
3237,233
3238,233
3239,233
3240,233
3241,233
3242,233
3243,233
3244,233
3245,233
3246,233
3247,233
3248,233
3249,233
3250,233
3251,233
3252,233
3253,233
3254,233
3255,233
3256,233
3257,233
3258,233
3259,233
3260,233
3261,233
3262,233
3263,233
3264,233
3265,233
3266,233
3267,233
3268,233
3269,233
3270,233
3271,233
3272,233
3273,233
3274,233
3275,233
3276,233
3277,233
3278,233
3279,233
3280,233
3281,233
3282,233
3283,233
3284,233
3285,233
3286,233
3287,233
3288,233
3289,233
3290,233
3291,233
3292,233
3293,233
3294,233
3295,233
3296,233
3297,233
3298,233
3299,233
3300,233
3301,233
3302,233
3303,233
3304,233
3305,233
3306,233
3307,233
3308,233
3309,233
3310,233
3311,233
3312,233
3313,233
3314,233
3315,233
3316,233
3317,233
3318,233
3319,233
3320,233
3321,233
3322,233
3323,233
3324,233
3325,233
3326,233
3327,233
3328,233
3329,233
3330,233
3331,233
3332,233
3333,233
3334,233
3335,233
3336,233
3337,233
3338,233
3339,233
3340,233
3341,233
3342,233
3343,233
3344,233
3345,233
3346,233
3347,233
3348,233
3349,233
3350,233
3351,233
3352,233
3353,233
3354,233
3355,233
3356,233
3357,233
3358,233
3359,233
3360,233
3361,233
3362,233
3363,233
3364,233
3365,233
3366,233
3367,233
3368,233
3369,233
3370,233
3371,233
3372,233
3373,233
3374,233
3375,233
3376,233
3377,233
3378,233
3379,233
3380,233
3381,233
3382,233
3383,233
3384,233
3385,233
3386,233
3387,233
3388,233
3389,233
3390,233
3391,233
3392,233
3393,233
3394,233
3395,233
3396,233
3397,233
3398,233
3399,233
3400,233
3401,233
3402,233
3403,233
3404,233
3405,233
3406,233
3407,233
3408,233
3409,233
3410,233
3411,233
3412,233
3413,233
3414,233
3415,233
3416,233
3417,233
3418,233
3419,233
3420,233
3421,233
3422,233
3423,233
3424,233
3425,233
3426,233
3427,233
3428,233
3429,233
3430,233
3431,233
3432,233
3433,233
3434,233
3435,233
3436,233
3437,233
3438,233
3439,233
3440,233
3441,233
3442,233
3443,233
3444,233
3445,233
3446,233
3447,233
3448,233
3449,233
3450,233
3451,233
3452,233
3453,233
3454,233
3455,233
3456,233
3457,233
3458,233
3459,233
3460,233
3461,233
3462,233
3463,233
3464,233
3465,233
3466,233
3467,233
3468,233
3469,233
3470,233
3471,233
3472,233
3473,233
3474,233
3475,233
3476,233
3477,233
3478,233
3479,233
3480,233
3481,233
3482,233
3483,233
3484,233
3485,233
3486,233
3487,233
3488,233
3489,233
3490,233
3491,233
3492,233
3493,233
3494,233
3495,233
3496,233
3497,233
3498,233
3499,233
3500,233
3501,233
3502,233
3503,233
3504,233
3505,233
3506,233
3507,233
3508,233
3509,233
3510,233
3511,233
3512,233
3513,233
3514,233
3515,233
3516,233
3517,233
3518,233
3519,233
3520,233
3521,233
3522,233
3523,233
3524,233
3525,233
3526,233
3527,233
3528,233
3529,233
3530,233
3531,233
3532,233
3533,233
3534,233
3535,233
3536,233
3537,233
3538,233
3539,233
3540,233
3541,233
3542,233
3543,233
3544,233
3545,233
3546,233
3547,233
3548,233
3549,233
3550,233
3551,233
3552,233
3553,233
3554,233
3555,233
3556,233
3557,233
3558,233
3559,233
3560,233
3561,233
3562,233
3563,233
3564,233
3565,233
3566,233
3567,233
3568,233
3569,233
3570,233
3571,233
3572,233
3573,233
3574,233
3575,233
3576,233
3577,233
3578,233
3579,233
3580,233
3581,233
3582,233
3583,233
3584,233
3585,233
3586,233
3587,233
3588,233
3589,233
3590,233
3591,233
3592,233
3593,233
3594,233
3595,233
3596,233
3597,233
3598,233
3599,233
3600,233
3601,233
3602,233
3603,233
3604,233
3605,233
3606,233
3607,233
3608,233
3609,233
3610,233
3611,233
3612,233
3613,233
3614,233
3615,233
3616,233
3617,233
3618,233
3619,233
3620,233
3621,233
3622,233
3623,233
3624,233
3625,233
3626,233
3627,233
3628,233
3629,233
3630,233
3631,233
3632,233
3633,233
3634,233
3635,233
3636,233
3637,233
3638,233
3639,233
3640,233
3641,233
3642,233
3643,233
3644,233
3645,233
3646,233
3647,233
3648,233
3649,233
3650,233
3651,233
3652,233
3653,233
3654,233
3655,233
3656,233
3657,233
3658,233
3659,233
3660,233
3661,233
3662,233
3663,233
3664,233
3665,233
3666,233
3667,233
3668,233
3669,233
3670,233
3671,233
3672,233
3673,233
3674,233
3675,233
3676,233
3677,233
3678,233
3679,233
3680,233
3681,233
3682,233
3683,233
3684,233
3685,233
3686,233
3687,233
3688,233
3689,233
3690,233
3691,233
3692,233
3693,233
3694,233
3695,233
3696,233
3697,233
3698,233
3699,233
3700,233
3701,233
3702,233
3703,233
3704,233
3705,233
3706,233
3707,233
3708,233
3709,233
3710,233
3711,233
3712,233
3713,233
3714,233
3715,233
3716,233
3717,233
3718,233
3719,233
3720,233
3721,233
3722,233
3723,233
3724,233
3725,233
3726,233
3727,233
3728,233
3729,233
3730,233
3731,233
3732,233
3733,233
3734,233
3735,233
3736,233
3737,233
3738,233
3739,233
3740,233
3741,233
3742,233
3743,233
3744,233
3745,233
3746,233
3747,233
3748,233
3749,233
3750,233
3751,233
3752,233
3753,233
3754,233
3755,233
3756,233
3757,233
3758,233
3759,233
3760,233
3761,233
3762,233
3763,233
3764,233
3765,233
3766,233
3767,233
3768,233
3769,233
3770,233
3771,233
3772,233
3773,233
3774,233
3775,233
3776,233
3777,233
3778,233
3779,233
3780,233
3781,233
3782,233
3783,233
3784,233
3785,233
3786,233
3787,233
3788,233
3789,233
3790,233
3791,233
3792,233
3793,233
3794,233
3795,233
3796,233
3797,233
3798,233
3799,233
3800,233
3801,233
3802,233
3803,233
3804,233
3805,233
3806,233
3807,233
3808,233
3809,233
3810,233
3811,233
3812,233
3813,233
3814,233
3815,233
3816,233
3817,233
3818,233
3819,233
3820,233
3821,233
3822,233
3823,233
3824,233
3825,233
3826,233
3827,233
3828,233
3829,233
3830,233
3831,233
3832,233
3833,233
3834,233
3835,233
3836,233
3837,233
3838,233
3839,233
3840,233
3841,233
3842,233
3843,233
3844,233
3845,233
3846,233
3847,233
3848,233
3849,233
3850,233
3851,233
3852,233
3853,233
3854,233
3855,233
3856,233
3857,233
3858,233
3859,233
3860,233
3861,233
3862,233
3863,233
3864,233
3865,233
3866,233
3867,233
3868,233
3869,233
3870,233
3871,233
3872,233
3873,233
3874,233
3875,233
3876,233
3877,233
3878,233
3879,233
3880,233
3881,233
3882,233
3883,233
3884,233
3885,233
3886,233
3887,233
3888,233
3889,233
3890,233
3891,233
3892,233
3893,233
3894,233
3895,233
3896,233
3897,233
3898,233
3899,233
3900,233
3901,233
3902,233
3903,233
3904,233
3905,233
3906,233
3907,233
3908,233
3909,233
3910,233
3911,233
3912,233
3913,233
3914,233
3915,233
3916,233
3917,233
3918,233
3919,233
3920,233
3921,233
3922,233
3923,233
3924,233
3925,233
3926,233
3927,233
3928,233
3929,233
3930,233
3931,233
3932,233
3933,233
3934,233
3935,233
3936,233
3937,233
3938,233
3939,233
3940,233
3941,233
3942,233
3943,233
3944,233
3945,233
3946,233
3947,233
3948,233
3949,233
3950,233
3951,233
3952,233
3953,233
3954,233
3955,233
3956,233
3957,233
3958,233
3959,233
3960,233
3961,233
3962,233
3963,233
3964,233
3965,233
3966,233
3967,260
3968,260
3969,260
3970,260
3971,260
3972,260
3973,260
3974,260
3975,260
3976,260
3977,260
3978,260
3979,260
3980,260
3981,260
3982,260
3983,260
3984,260
3985,260
3986,260
3987,260
3988,260
3989,260
3990,260
3991,260
3992,260
3993,260
3994,260
3995,260
3996,260
3997,260
3998,260
3999,260
4000,260
4001,260
4002,260
4003,260
4004,260
4005,260
4006,260
4007,260
4008,260
4009,260
4010,260
4011,260
4012,260
4013,260
4014,260
4015,260
4016,260
4017,260
4018,260
4019,260
4020,260
4021,260
4022,260
4023,260
4024,260
4025,260
4026,260
4027,260
4028,260
4029,260
4030,260
4031,260
4032,260
4033,260
4034,260
4035,260
4036,260
4037,260
4038,260
4039,260
4040,260
4041,260
4042,260
4043,260
4044,260
4045,260
4046,260
4047,260
4048,260
4049,260
4050,260
4051,260
4052,260
4053,260
4054,260
4055,260
4056,260
4057,260
4058,260
4059,260
4060,260
4061,260
4062,260
4063,260
4064,260
4065,260
4066,260
4067,260
4068,260
4069,260
4070,260
4071,260
4072,260
4073,260
4074,260
4075,260
4076,260
4077,260
4078,260
4079,260
4080,260
4081,260
4082,260
4083,260
4084,260
4085,260
4086,260
4087,260
4088,260
4089,260
4090,260
4091,260
4092,260
4093,260
4094,260
4095,260
4096,260
4097,260
4098,260
4099,260
4100,260
4101,260
4102,260
4103,260
4104,260
4105,260
4106,260
4107,260
4108,260
4109,260
4110,260
4111,260
4112,260
4113,260
4114,260
4115,260
4116,260
4117,260
4118,260
4119,260
4120,260
4121,260
4122,260
4123,260
4124,260
4125,260
4126,260
4127,260
4128,260
4129,260
4130,260
4131,260
4132,260
4133,260
4134,260
4135,260
4136,260
4137,260
4138,260
4139,260
4140,260
4141,260
4142,260
4143,260
4144,260
4145,260
4146,260
4147,260
4148,260
4149,260
4150,260
4151,260
4152,260
4153,260
4154,260
4155,260
4156,260
4157,260
4158,260
4159,260
4160,260
4161,260
4162,260
4163,260
4164,260
4165,260
4166,260
4167,260
4168,260
4169,260
4170,260
4171,260
4172,260
4173,260
4174,260
4175,260
4176,260
4177,260
4178,260
4179,260
4180,260
4181,260
4182,260
4183,260
4184,260
4185,260
4186,260
4187,260
4188,260
4189,260
4190,260
4191,260
4192,260
4193,260
4194,260
4195,260
4196,260
4197,260
4198,260
4199,260
4200,260
4201,260
4202,260
4203,260
4204,260
4205,260
4206,260
4207,260
4208,260
4209,260
4210,260
4211,260
4212,260
4213,260
4214,260
4215,260
4216,260
4217,260
4218,260
4219,260
4220,260
4221,260
4222,260
4223,260
4224,260
4225,260
4226,260
4227,260
4228,260
4229,260
4230,260
4231,260
4232,260
4233,260
4234,260
4235,260
4236,260
4237,260
4238,260
4239,260
4240,260
4241,260
4242,260
4243,260
4244,260
4245,260
4246,260
4247,260
4248,260
4249,260
4250,260
4251,260
4252,260
4253,260
4254,260
4255,260
4256,260
4257,260
4258,260
4259,260
4260,260
4261,260
4262,260
4263,260
4264,260
4265,260
4266,260
4267,260
4268,260
4269,260
4270,260
4271,260
4272,260
4273,260
4274,260
4275,260
4276,260
4277,260
4278,260
4279,260
4280,260
4281,260
4282,260
4283,260
4284,260
4285,260
4286,260
4287,260
4288,260
4289,260
4290,260
4291,260
4292,260
4293,260
4294,260
4295,260
4296,260
4297,260
4298,260
4299,260
4300,260
4301,260
4302,260
4303,260
4304,260
4305,260
4306,260
4307,260
4308,260
4309,260
4310,260
4311,260
4312,260
4313,260
4314,260
4315,260
4316,260
4317,260
4318,260
4319,260
4320,260
4321,260
4322,260
4323,260
4324,260
4325,260
4326,260
4327,260
4328,260
4329,260
4330,260
4331,260
4332,260
4333,260
4334,260
4335,260
4336,260
4337,260
4338,260
4339,260
4340,260
4341,260
4342,260
4343,260
4344,260
4345,260
4346,260
4347,260
4348,260
4349,260
4350,260
4351,260
4352,260
4353,260
4354,260
4355,260
4356,260
4357,260
4358,260
4359,260
4360,260
4361,260
4362,260
4363,260
4364,260
4365,260
4366,260
4367,260
4368,260
4369,260
4370,260
4371,260
4372,260
4373,260
4374,260
4375,260
4376,260
4377,260
4378,260
4379,260
4380,260
4381,260
4382,260
4383,260
4384,260
4385,260
4386,260
4387,260
4388,260
4389,260
4390,260
4391,260
4392,260
4393,260
4394,260
4395,260
4396,260
4397,260
4398,260
4399,260
4400,260
4401,260
4402,260
4403,260
4404,260
4405,260
4406,260
4407,260
4408,260
4409,260
4410,260
4411,260
4412,260
4413,260
4414,260
4415,260
4416,260
4417,260
4418,260
4419,260
4420,260
4421,260
4422,260
4423,260
4424,260
4425,260
4426,260
4427,260
4428,260
4429,260
4430,260
4431,260
4432,260
4433,260
4434,260
4435,260
4436,260
4437,260
4438,260
4439,260
4440,260
4441,260
4442,260
4443,260
4444,260
4445,260
4446,260
4447,260
4448,260
4449,260
4450,260
4451,260
4452,260
4453,260
4454,260
4455,260
4456,260
4457,260
4458,260
4459,260
4460,260
4461,260
4462,260
4463,260
4464,260
4465,260
4466,260
4467,260
4468,260
4469,260
4470,260
4471,260
4472,260
4473,260
4474,260
4475,260
4476,260
4477,260
4478,260
4479,260
4480,260
4481,260
4482,260
4483,260
4484,260
4485,260
4486,260
4487,260
4488,260
4489,260
4490,260
4491,260
4492,260
4493,260
4494,260
4495,260
4496,260
4497,260
4498,260
4499,260
4500,260
4501,260
4502,260
4503,260
4504,260
4505,260
4506,260
4507,260
4508,260
4509,260
4510,260
4511,260
4512,260
4513,260
4514,260
4515,260
4516,260
4517,260
4518,260
4519,260
4520,260
4521,260
4522,260
4523,260
4524,260
4525,260
4526,260
4527,260
4528,260
4529,260
4530,260
4531,260
4532,260
4533,260
4534,260
4535,260
4536,260
4537,260
4538,260
4539,260
4540,260
4541,260
4542,260
4543,260
4544,260
4545,260
4546,260
4547,260
4548,260
4549,260
4550,260
4551,260
4552,260
4553,260
4554,260
4555,260
4556,260
4557,260
4558,260
4559,260
4560,260
4561,260
4562,260
4563,260
4564,260
4565,260
4566,260
4567,260
4568,260
4569,260
4570,260
4571,260
4572,260
4573,260
4574,260
4575,260
4576,260
4577,260
4578,260
4579,260
4580,260
4581,260
4582,260
4583,260
4584,260
4585,260
4586,260
4587,260
4588,260
4589,260
4590,260
4591,260
4592,260
4593,260
4594,260
4595,260
4596,260
4597,260
4598,260
4599,260
4600,260
4601,260
4602,260
4603,260
4604,260
4605,260
4606,260
4607,260
4608,260
4609,260
4610,260
4611,260
4612,260
4613,260
4614,260
4615,260
4616,260
4617,260
4618,260
4619,260
4620,260
4621,260
4622,260
4623,260
4624,260
4625,260
4626,260
4627,260
4628,260
4629,260
4630,260
4631,260
4632,260
4633,260
4634,260
4635,260
4636,260
4637,260
4638,260
4639,260
4640,260
4641,260
4642,260
4643,260
4644,260
4645,260
4646,260
4647,260
4648,260
4649,260
4650,260
4651,260
4652,260
4653,260
4654,260
4655,260
4656,260
4657,260
4658,260
4659,260
4660,260
4661,260
4662,260
4663,260
4664,260
4665,260
4666,260
4667,260
4668,260
4669,260
4670,260
4671,260
4672,260
4673,260
4674,260
4675,260
4676,260
4677,260
4678,260
4679,260
4680,260
4681,260
4682,260
4683,260
4684,260
4685,260
4686,260
4687,260
4688,260
4689,260
4690,260
4691,260
4692,260
4693,260
4694,260
4695,260
4696,260
4697,260
4698,260
4699,260
4700,260
4701,260
4702,260
4703,260
4704,260
4705,265
4706,265
4707,265
4708,265
4709,265
4710,265
4711,265
4712,265
4713,265
4714,265
4715,265
4716,265
4717,265
4718,265
4719,265
4720,265
4721,265
4722,265
4723,265
4724,265
4725,265
4726,265
4727,265
4728,265
4729,265
4730,265
4731,265
4732,265
4733,265
4734,265
4735,265
4736,265
4737,265
4738,265
4739,265
4740,265
4741,265
4742,265
4743,265
4744,265
4745,265
4746,265
4747,265
4748,265
4749,265
4750,265
4751,265
4752,265
4753,265
4754,265
4755,265
4756,265
4757,265
4758,265
4759,265
4760,265
4761,265
4762,265
4763,265
4764,265
4765,265
4766,265
4767,265
4768,265
4769,265
4770,265
4771,265
4772,265
4773,265
4774,265
4775,265
4776,265
4777,265
4778,265
4779,265
4780,265
4781,265
4782,265
4783,265
4784,265
4785,265
4786,265
4787,265
4788,265
4789,265
4790,265
4791,265
4792,265
4793,265
4794,265
4795,265
4796,265
4797,265
4798,265
4799,265
4800,265
4801,265
4802,265
4803,265
4804,265
4805,265
4806,265
4807,265
4808,265
4809,265
4810,265
4811,265
4812,265
4813,265
4814,265
4815,265
4816,265
4817,265
4818,265
4819,265
4820,265
4821,265
4822,265
4823,265
4824,265
4825,265
4826,265
4827,265
4828,265
4829,265
4830,265
4831,265
4832,265
4833,265
4834,265
4835,265
4836,265
4837,265
4838,265
4839,265
4840,265
4841,265
4842,265
4843,265
4844,265
4845,265
4846,265
4847,265
4848,265
4849,265
4850,265
4851,265
4852,265
4853,265
4854,265
4855,265
4856,265
4857,265
4858,265
4859,265
4860,265
4861,265
4862,265
4863,265
4864,265
4865,265
4866,265
4867,265
4868,265
4869,265
4870,265
4871,265
4872,265
4873,265
4874,265
4875,265
4876,265
4877,265
4878,265
4879,265
4880,265
4881,265
4882,265
4883,265
4884,265
4885,265
4886,265
4887,265
4888,265
4889,265
4890,265
4891,265
4892,265
4893,265
4894,265
4895,265
4896,265
4897,265
4898,265
4899,265
4900,265
4901,265
4902,265
4903,265
4904,265
4905,265
4906,265
4907,265
4908,265
4909,265
4910,265
4911,265
4912,265
4913,265
4914,265
4915,265
4916,265
4917,265
4918,265
4919,265
4920,265
4921,265
4922,265
4923,265
4924,265
4925,265
4926,265
4927,265
4928,265
4929,265
4930,265
4931,265
4932,265
4933,265
4934,265
4935,265
4936,265
4937,265
4938,265
4939,265
4940,265
4941,265
4942,265
4943,265
4944,265
4945,265
4946,265
4947,265
4948,265
4949,265
4950,265
4951,265
4952,265
4953,265
4954,265
4955,265
4956,265
4957,265
4958,265
4959,265
4960,265
4961,265
4962,265
4963,265
4964,265
4965,265
4966,265
4967,265
4968,265
4969,265
4970,265
4971,265
4972,265
4973,265
4974,265
4975,265
4976,265
4977,265
4978,265
4979,265
4980,265
4981,265
4982,265
4983,265
4984,265
4985,265
4986,265
4987,265
4988,265
4989,265
4990,265
4991,265
4992,265
4993,265
4994,265
4995,265
4996,265
4997,265
4998,265
4999,265
5000,265
5001,265
5002,265
5003,265
5004,265
5005,265
5006,265
5007,265
5008,265
5009,265
5010,265
5011,265
5012,265
5013,265
5014,265
5015,265
5016,265
5017,265
5018,265
5019,265
5020,265
5021,265
5022,265
5023,265
5024,265
5025,265
5026,265
5027,265
5028,265
5029,265
5030,265
5031,265
5032,265
5033,265
5034,265
5035,265
5036,265
5037,265
5038,265
5039,265
5040,265
5041,265
5042,265
5043,265
5044,265
5045,265
5046,265
5047,265
5048,265
5049,265
5050,265
5051,265
5052,265
5053,265
5054,265
5055,265
5056,265
5057,265
5058,265
5059,265
5060,265
5061,265
5062,265
5063,265
5064,265
5065,265
5066,265
5067,265
5068,265
5069,265
5070,265
5071,265
5072,265
5073,265
5074,265
5075,265
5076,265
5077,265
5078,265
5079,265
5080,265
5081,265
5082,265
5083,265
5084,265
5085,265
5086,265
5087,265
5088,265
5089,265
5090,265
5091,265
5092,265
5093,265
5094,265
5095,265
5096,265
5097,265
5098,265
5099,265
5100,265
5101,265
5102,265
5103,265
5104,265
5105,265
5106,265
5107,265
5108,265
5109,265
5110,265
5111,265
5112,265
5113,265
5114,265
5115,265
5116,265
5117,265
5118,265
5119,265
5120,265
5121,265
5122,265
5123,265
5124,265
5125,265
5126,265
5127,265
5128,265
5129,265
5130,265
5131,265
5132,265
5133,265
5134,265
5135,265
5136,265
5137,265
5138,265
5139,265
5140,265
5141,265
5142,265
5143,265
5144,265
5145,265
5146,265
5147,265
5148,265
5149,265
5150,265
5151,265
5152,265
5153,265
5154,265
5155,265
5156,265
5157,265
5158,265
5159,265
5160,265
5161,265
5162,265
5163,265
5164,265
5165,265
5166,265
5167,265
5168,265
5169,265
5170,265
5171,265
5172,265
5173,265
5174,265
5175,265
5176,265
5177,265
5178,265
5179,265
5180,265
5181,265
5182,265
5183,265
5184,265
5185,265
5186,265
5187,265
5188,265
5189,265
5190,265
5191,265
5192,265
5193,265
5194,265
5195,265
5196,265
5197,265
5198,265
5199,265
5200,265
5201,265
5202,265
5203,265
5204,265
5205,265
5206,265
5207,265
5208,265
5209,265
5210,265
5211,265
5212,265
5213,265
5214,265
5215,265
5216,265
5217,265
5218,265
5219,265
5220,265
5221,265
5222,265
5223,265
5224,265
5225,265
5226,265
5227,265
5228,265
5229,265
5230,265
5231,265
5232,265
5233,265
5234,265
5235,265
5236,265
5237,265
5238,265
5239,265
5240,265
5241,265
5242,265
5243,265
5244,265
5245,265
5246,265
5247,265
5248,265
5249,265
5250,265
5251,265
5252,265
5253,265
5254,265
5255,265
5256,265
5257,265
5258,265
5259,265
5260,265
5261,265
5262,265
5263,265
5264,265
5265,265
5266,265
5267,265
5268,265
5269,265
5270,265
5271,265
5272,265
5273,265
5274,265
5275,265
5276,265
5277,265
5278,265
5279,265
5280,265
5281,265
5282,265
5283,265
5284,265
5285,265
5286,265
5287,265
5288,265
5289,265
5290,265
5291,265
5292,265
5293,265
5294,265
5295,265
5296,265
5297,265
5298,265
5299,265
5300,265
5301,265
5302,265
5303,265
5304,265
5305,265
5306,265
5307,265
5308,265
5309,265
5310,265
5311,265
5312,265
5313,265
5314,265
5315,265
5316,265
5317,265
5318,265
5319,265
5320,265
5321,265
5322,265
5323,265
5324,265
5325,265
5326,265
5327,265
5328,265
5329,265
5330,265
5331,265
5332,265
5333,265
5334,265
5335,265
5336,265
5337,265
5338,265
5339,265
5340,265
5341,265
5342,265
5343,265
5344,265
5345,265
5346,265
5347,265
5348,265
5349,265
5350,265
5351,265
5352,265
5353,265
5354,265
5355,265
5356,265
5357,265
5358,265
5359,265
5360,265
5361,265
5362,265
5363,265
5364,265
5365,265
5366,265
5367,265
5368,265
5369,265
5370,265
5371,265
5372,265
5373,265
5374,265
5375,265
5376,265
5377,265
5378,265
5379,265
5380,265
5381,265
5382,265
5383,265
5384,265
5385,265
5386,265
5387,265
5388,265
5389,265
5390,265
5391,265
5392,265
5393,265
5394,265
5395,265
5396,265
5397,265
5398,265
5399,265
5400,265
5401,265
5402,265
5403,265
5404,265
5405,265
5406,265
5407,265
5408,265
5409,265
5410,265
5411,265
5412,265
5413,265
5414,265
5415,265
5416,265
5417,265
5418,265
5419,265
5420,265
5421,265
5422,265
5423,265
5424,265
5425,265
5426,265
5427,265
5428,265
5429,265
5430,265
5431,265
5432,265
5433,265
5434,265
5435,265
5436,265
5437,265
5438,265
5439,265
5440,265
5441,265
5442,265
5443,265
5444,265
5445,265
5446,265
5447,265
5448,265
5449,265
5450,265
5451,265
5452,265
5453,265
5454,265
5455,265
5456,265
5457,265
5458,265
5459,265
5460,265
5461,265
5462,265
5463,265
5464,265
5465,265
5466,265
5467,265
5468,265
5469,265
5470,265
5471,265
5472,265
5473,265
5474,265
5475,265
5476,265
5477,265
5478,265
5479,265
5480,265
5481,265
5482,265
5483,265
5484,265
5485,265
5486,265
5487,265
5488,265
5489,265
5490,265
5491,265
5492,265
5493,265
5494,265
5495,265
5496,265
5497,265
5498,265
5499,265
5500,265
5501,265
5502,265
5503,265
5504,265
5505,265
5506,265
5507,265
5508,265
5509,265
5510,265
5511,265
5512,265
5513,265
5514,265
5515,265
5516,265
5517,265
5518,265
5519,265
5520,265
5521,265
5522,265
5523,265
5524,265
5525,265
5526,265
5527,265
5528,265
5529,265
5530,265
5531,265
5532,265
5533,265
5534,265
5535,265
5536,265
5537,265
5538,265
5539,265
5540,265
5541,265
5542,265
5543,265
5544,265
5545,265
5546,265
5547,265
5548,265
5549,265
5550,265
5551,265
5552,265
5553,265
5554,265
5555,265
5556,265
5557,265
5558,265
5559,265
5560,265
5561,265
5562,265
5563,265
5564,265
5565,265
5566,265
5567,265
5568,265
5569,265
5570,265
5571,265
5572,265
5573,265
5574,265
5575,265
5576,265
5577,265
5578,265
5579,265
5580,265
5581,265
5582,265
5583,265
5584,265
5585,265
5586,265
5587,265
5588,265
5589,265
5590,265
5591,265
5592,265
5593,265
5594,265
5595,265
5596,265
5597,265
5598,265
5599,265
5600,265
5601,265
5602,265
5603,265
5604,265
5605,265
5606,265
5607,265
5608,265
5609,265
5610,265
5611,265
5612,265
5613,265
5614,265
5615,265
5616,265
5617,265
5618,265
5619,265
5620,265
5621,265
5622,265
5623,265
5624,265
5625,265
5626,265
5627,265
5628,265
5629,265
5630,265
5631,265
5632,265
5633,265
5634,265
5635,265
5636,265
5637,265
5638,265
5639,265
5640,265
5641,265
5642,265
5643,265
5644,265
5645,265
5646,265
5647,265
5648,265
5649,265
5650,265
5651,265
5652,265
5653,265
5654,265
5655,265
5656,265
5657,265
5658,265
5659,265
5660,265
5661,265
5662,265
5663,265
5664,265
5665,265
5666,265
5667,265
5668,265
5669,265
5670,265
5671,265
5672,265
5673,265
5674,265
5675,265
5676,265
5677,265
5678,265
5679,265
5680,265
5681,265
5682,265
5683,265
5684,265
5685,265
5686,265
5687,265
5688,265
5689,265
5690,265
5691,265
5692,265
5693,265
5694,265
5695,265
5696,265
5697,265
5698,265
5699,265
5700,265
5701,265
5702,265
5703,265
5704,265
5705,265
5706,265
5707,265
5708,265
5709,265
5710,265
5711,265
5712,265
5713,265
5714,265
5715,265
5716,265
5717,265
5718,265
5719,265
5720,265
5721,265
5722,265
5723,265
5724,265
5725,265
5726,265
5727,265
5728,265
5729,265
5730,265
5731,265
5732,265
5733,265
5734,265
5735,265
5736,265
5737,265
5738,265
5739,265
5740,265
5741,265
5742,265
5743,265
5744,265
5745,265
5746,265
5747,265
5748,265
5749,265
5750,265
5751,265
5752,265
5753,265
5754,265
5755,265
5756,265
5757,265
5758,265
5759,265
5760,265
5761,265
5762,265
5763,265
5764,265
5765,265
5766,265
5767,265
5768,265
5769,265
5770,265
5771,265
5772,265
5773,265
5774,265
5775,265
5776,265
5777,265
5778,265
5779,265
5780,265
5781,265
5782,265
5783,265
5784,265
5785,265
5786,265
5787,265
5788,265
5789,265
5790,265
5791,265
5792,265
5793,265
5794,265
5795,265
5796,265
5797,265
5798,265
5799,265
5800,265
5801,265
5802,265
5803,265
5804,265
5805,265
5806,265
5807,265
5808,265
5809,265
5810,265
5811,265
5812,265
5813,265
5814,265
5815,265
5816,265
5817,265
5818,265
5819,265
5820,265
5821,265
5822,265
5823,265
5824,265
5825,265
5826,265
5827,265
5828,265
5829,265
5830,265
5831,265
5832,265
5833,265
5834,265
5835,265
5836,265
5837,265
5838,265
5839,265
5840,265
5841,265
5842,265
5843,265
5844,265
5845,265
5846,265
5847,265
5848,265
5849,265
5850,265
5851,265
5852,265
5853,265
5854,265
5855,265
5856,265
5857,265
5858,265
5859,265
5860,265
5861,265
5862,265
5863,274
5864,274
5865,274
5866,274
5867,274
5868,274
5869,274
5870,274
5871,274
5872,274
5873,274
5874,274
5875,274
5876,274
5877,274
5878,274
5879,274
5880,274
5881,274
5882,274
5883,274
5884,274
5885,274
5886,274
5887,274
5888,274
5889,274
5890,274
5891,274
5892,274
5893,274
5894,274
5895,274
5896,274
5897,274
5898,274
5899,274
5900,274
5901,274
5902,274
5903,274
5904,274
5905,274
5906,274
5907,274
5908,274
5909,274
5910,274
5911,274
5912,274
5913,274
5914,274
5915,274
5916,274
5917,274
5918,274
5919,274
5920,274
5921,274
5922,274
5923,274
5924,274
5925,274
5926,274
5927,274
5928,274
5929,274
5930,274
5931,274
5932,274
5933,274
5934,274
5935,274
5936,274
5937,274
5938,274
5939,274
5940,274
5941,274
5942,274
5943,274
5944,274
5945,274
5946,274
5947,274
5948,274
5949,274
5950,274
5951,274
5952,274
5953,274
5954,274
5955,274
5956,274
5957,274
5958,274
5959,274
5960,274
5961,274
5962,274
5963,274
5964,274
5965,274
5966,274
5967,274
5968,274
5969,274
5970,274
5971,274
5972,274
5973,274
5974,274
5975,274
5976,274
5977,274
5978,274
5979,274
5980,274
5981,274
5982,274
5983,274
5984,274
5985,274
5986,274
5987,274
5988,274
5989,274
5990,274
5991,274
5992,274
5993,274
5994,274
5995,274
5996,274
5997,274
5998,274
5999,274
6000,274
6001,274
6002,274
6003,274
6004,274
6005,274
6006,274
6007,274
6008,274
6009,274
6010,274
6011,274
6012,274
6013,274
6014,274
6015,274
6016,274
6017,274
6018,274
6019,274
6020,274
6021,274
6022,274
6023,274
6024,274
6025,274
6026,274
6027,274
6028,274
6029,274
6030,274
6031,274
6032,274
6033,274
6034,274
6035,274
6036,274
6037,274
6038,274
6039,274
6040,274
6041,274
6042,274
6043,274
6044,274
6045,274
6046,274
6047,274
6048,274
6049,274
6050,274
6051,274
6052,274
6053,274
6054,274
6055,274
6056,274
6057,274
6058,274
6059,274
6060,274
6061,274
6062,274
6063,274
6064,274
6065,274
6066,274
6067,274
6068,274
6069,274
6070,274
6071,274
6072,274
6073,274
6074,274
6075,274
6076,274
6077,274
6078,274
6079,274
6080,274
6081,274
6082,274
6083,274
6084,274
6085,274
6086,274
6087,274
6088,274
6089,274
6090,274
6091,274
6092,274
6093,274
6094,274
6095,274
6096,274
6097,274
6098,274
6099,274
6100,274
6101,274
6102,274
6103,274
6104,274
6105,274
6106,274
6107,274
6108,274
6109,274
6110,274
6111,274
6112,274
6113,274
6114,274
6115,274
6116,274
6117,274
6118,274
6119,274
6120,274
6121,274
6122,274
6123,274
6124,274
6125,274
6126,274
6127,274
6128,274
6129,274
6130,274
6131,274
6132,274
6133,274
6134,274
6135,274
6136,274
6137,274
6138,274
6139,274
6140,274
6141,274
6142,274
6143,274
6144,274
6145,274
6146,274
6147,274
6148,274
6149,274
6150,274
6151,274
6152,274
6153,274
6154,274
6155,274
6156,274
6157,274
6158,274
6159,274
6160,274
6161,274
6162,274
6163,274
6164,274
6165,274
6166,274
6167,274
6168,274
6169,274
6170,274
6171,274
6172,274
6173,274
6174,274
6175,274
6176,274
6177,274
6178,274
6179,274
6180,274
6181,274
6182,274
6183,274
6184,274
6185,274
6186,274
6187,274
6188,274
6189,274
6190,274
6191,274
6192,274
6193,274
6194,274
6195,274
6196,274
6197,274
6198,274
6199,274
6200,274
6201,274
6202,274
6203,274
6204,274
6205,274
6206,274
6207,274
6208,274
6209,274
6210,274
6211,274
6212,274
6213,274
6214,274
6215,274
6216,274
6217,274
6218,274
6219,274
6220,274
6221,274
6222,274
6223,274
6224,274
6225,274
6226,274
6227,274
6228,274
6229,274
6230,274
6231,274
6232,274
6233,274
6234,274
6235,274
6236,274
6237,274
6238,274
6239,274
6240,274
6241,274
6242,274
6243,274
6244,274
6245,274
6246,274
6247,274
6248,274
6249,274
6250,274
6251,274
6252,274
6253,274
6254,274
6255,274
6256,274
6257,274
6258,274
6259,274
6260,274
6261,274
6262,274
6263,274
6264,274
6265,274
6266,274
6267,274
6268,274
6269,274
6270,274
6271,274
6272,274
6273,274
6274,274
6275,274
6276,274
6277,274
6278,274
6279,274
6280,274
6281,274
6282,274
6283,274
6284,274
6285,274
6286,274
6287,274
6288,274
6289,274
6290,274
6291,274
6292,274
6293,274
6294,274
6295,274
6296,274
6297,274
6298,274
6299,274
6300,274
6301,274
6302,274
6303,274
6304,274
6305,274
6306,274
6307,274
6308,274
6309,274
6310,274
6311,274
6312,274
6313,274
6314,274
6315,274
6316,274
6317,274
6318,274
6319,274
6320,274
6321,274
6322,274
6323,274
6324,274
6325,274
6326,274
6327,274
6328,274
6329,274
6330,274
6331,274
6332,274
6333,274
6334,274
6335,274
6336,274
6337,274
6338,274
6339,274
6340,274
6341,274
6342,274
6343,274
6344,274
6345,274
6346,274
6347,274
6348,274
6349,274
6350,274
6351,274
6352,274
6353,274
6354,274
6355,274
6356,274
6357,274
6358,274
6359,274
6360,274
6361,274
6362,274
6363,274
6364,274
6365,274
6366,274
6367,274
6368,274
6369,274
6370,274
6371,274
6372,274
6373,274
6374,274
6375,274
6376,274
6377,274
6378,274
6379,274
6380,274
6381,274
6382,274
6383,274
6384,274
6385,274
6386,274
6387,274
6388,274
6389,274
6390,274
6391,274
6392,274
6393,274
6394,274
6395,274
6396,274
6397,274
6398,274
6399,274
6400,274
6401,274
6402,274
6403,274
6404,274
6405,274
6406,274
6407,274
6408,274
6409,274
6410,274
6411,274
6412,274
6413,274
6414,274
6415,274
6416,274
6417,274
6418,274
6419,274
6420,274
6421,274
6422,274
6423,274
6424,274
6425,274
6426,274
6427,274
6428,274
6429,274
6430,274
6431,274
6432,274
6433,274
6434,274
6435,274
6436,274
6437,274
6438,274
6439,274
6440,274
6441,274
6442,274
6443,274
6444,274
6445,274
6446,274
6447,274
6448,274
6449,274
6450,274
6451,274
6452,274
6453,274
6454,274
6455,274
6456,274
6457,274
6458,274
6459,274
6460,274
6461,274
6462,274
6463,274
6464,274
6465,274
6466,274
6467,274
6468,274
6469,274
6470,274
6471,274
6472,274
6473,274
6474,274
6475,274
6476,274
6477,274
6478,274
6479,274
6480,274
6481,274
6482,274
6483,274
6484,274
6485,274
6486,274
6487,274
6488,274
6489,274
6490,274
6491,274
6492,274
6493,274
6494,274
6495,274
6496,274
6497,274
6498,274
6499,274
6500,274
6501,274
6502,274
6503,274
6504,274
6505,274
6506,274
6507,274
6508,274
6509,274
6510,274
6511,274
6512,274
6513,274
6514,274
6515,274
6516,274
6517,274
6518,274
6519,274
6520,274
6521,274
6522,274
6523,274
6524,274
6525,274
6526,274
6527,274
6528,274
6529,274
6530,274
6531,274
6532,274
6533,274
6534,274
6535,274
6536,274
6537,274
6538,274
6539,274
6540,274
6541,274
6542,274
6543,274
6544,274
6545,274
6546,274
6547,274
6548,274
6549,274
6550,274
6551,274
6552,274
6553,274
6554,274
6555,274
6556,274
6557,274
6558,274
6559,274
6560,274
6561,274
6562,274
6563,274
6564,274
6565,274
6566,274
6567,274
6568,274
6569,274
6570,274
6571,274
6572,274
6573,274
6574,274
6575,274
6576,274
6577,274
6578,274
6579,274
6580,274
6581,274
6582,274
6583,274
6584,274
6585,274
6586,274
6587,274
6588,274
6589,274
6590,274
6591,274
6592,274
6593,274
6594,274
6595,274
6596,274
6597,274
6598,274
6599,274
6600,274
6601,274
6602,274
6603,274
6604,274
6605,274
6606,274
6607,274
6608,274
6609,274
6610,274
6611,274
6612,274
6613,274
6614,274
6615,274
6616,274
6617,274
6618,274
6619,274
6620,274
6621,274
6622,274
6623,274
6624,274
6625,274
6626,274
6627,274
6628,274
6629,274
6630,274
6631,274
6632,274
6633,274
6634,274
6635,274
6636,274
6637,274
6638,274
6639,274
6640,274
6641,274
6642,274
6643,274
6644,274
6645,274
6646,274
6647,274
6648,274
6649,274
6650,274
6651,274
6652,274
6653,274
6654,274
6655,274
6656,274
6657,274
6658,274
6659,274
6660,274
6661,274
6662,274
6663,274
6664,274
6665,274
6666,274
6667,274
6668,274
6669,274
6670,274
6671,274
6672,274
6673,274
6674,274
6675,274
6676,274
6677,274
6678,274
6679,274
6680,274
6681,274
6682,274
6683,274
6684,274
6685,274
6686,274
6687,274
6688,274
6689,274
6690,274
6691,274
6692,274
6693,274
6694,274
6695,274
6696,274
6697,274
6698,274
6699,274
6700,274
6701,274
6702,274
6703,274
6704,274
6705,274
6706,274
6707,274
6708,274
6709,274
6710,274
6711,274
6712,274
6713,274
6714,274
6715,274
6716,274
6717,274
6718,274
6719,274
6720,274
6721,274
6722,274
6723,274
6724,274
6725,274
6726,274
6727,274
6728,274
6729,274
6730,274
6731,274
6732,274
6733,274
6734,274
6735,274
6736,274
6737,274
6738,274
6739,274
6740,274
6741,274
6742,274
6743,274
6744,274
6745,274
6746,274
6747,274
6748,274
6749,274
6750,274
6751,274
6752,274
6753,274
6754,274
6755,274
6756,274
6757,274
6758,274
6759,274
6760,274
6761,274
6762,274
6763,274
6764,274
6765,274
6766,274
6767,274
6768,274
6769,274
6770,274
6771,274
6772,274
6773,274
6774,274
6775,274
6776,274
6777,274
6778,274
6779,274
6780,274
6781,274
6782,274
6783,274
6784,274
6785,274
6786,274
6787,274
6788,274
6789,274
6790,274
6791,274
6792,274
6793,274
6794,274
6795,274
6796,274
6797,274
6798,274
6799,274
6800,274
6801,274
6802,274
6803,274
6804,274
6805,274
6806,274
6807,274
6808,274
6809,274
6810,274
6811,274
6812,274
6813,274
6814,274
6815,274
6816,274
6817,274
6818,274
6819,274
6820,274
6821,274
6822,274
6823,274
6824,274
6825,274
6826,274
6827,274
6828,274
6829,274
6830,274
6831,274
6832,274
6833,274
6834,274
6835,274
6836,274
6837,274
6838,274
6839,274
6840,274
6841,274
6842,274
6843,274
6844,274
6845,274
6846,274
6847,274
6848,274
6849,274
6850,274
6851,274
6852,274
6853,274
6854,274
6855,274
6856,274
6857,274
6858,274
6859,274
6860,274
6861,274
6862,274
6863,274
6864,274
6865,274
6866,274
6867,274
6868,274
6869,274
6870,274
6871,274
6872,274
6873,274
6874,274
6875,274
6876,274
6877,274
6878,274
6879,274
6880,274
6881,274
6882,274
6883,274
6884,274
6885,274
6886,274
6887,274
6888,274
6889,274
6890,274
6891,274
6892,274
6893,274
6894,274
6895,274
6896,274
6897,274
6898,274
6899,274
6900,274
6901,274
6902,274
6903,274
6904,274
6905,274
6906,274
6907,274
6908,274
6909,274
6910,274
6911,274
6912,274
6913,274
6914,274
6915,274
6916,274
6917,274
6918,274
6919,274
6920,274
6921,274
6922,274
6923,274
6924,274
6925,274
6926,274
6927,274
6928,274
6929,274
6930,274
6931,274
6932,274
6933,274
6934,274
6935,274
6936,274
6937,274
6938,274
6939,274
6940,274
6941,274
6942,274
6943,274
6944,274
6945,274
6946,274
6947,274
6948,274
6949,274
6950,274
6951,274
6952,274
6953,274
6954,274
6955,274
6956,274
6957,274
6958,274
6959,274
6960,274
6961,274
6962,274
6963,274
6964,274
6965,274
6966,274
6967,274
6968,274
6969,274
6970,274
6971,274
6972,274
6973,274
6974,274
6975,274
6976,274
6977,274
6978,274
6979,274
6980,274
6981,274
6982,274
6983,274
6984,274
6985,274
6986,274
6987,274
6988,274
6989,274
6990,274
6991,274
6992,274
6993,274
6994,274
6995,274
6996,274
6997,274
6998,274
6999,274
7000,274
7001,274
7002,274
7003,274
7004,274
7005,274
7006,274
7007,274
7008,274
7009,274
7010,274
7011,274
7012,274
7013,274
7014,274
7015,274
7016,274
7017,274
7018,274
7019,274
7020,274
7021,274
7022,274
7023,274
7024,274
7025,274
7026,274
7027,274
7028,274
7029,274
7030,274
7031,274
7032,274
7033,274
7034,274
7035,274
7036,274
7037,274
7038,274
7039,274
7040,274
7041,274
7042,274
7043,274
7044,274
7045,274
7046,274
7047,274
7048,274
7049,274
7050,274
7051,274
7052,274
7053,274
7054,274
7055,274
7056,274
7057,274
7058,274
7059,274
7060,274
7061,274
7062,274
7063,274
7064,274
7065,274
7066,274
7067,274
7068,274
7069,274
7070,274
7071,274
7072,274
7073,274
7074,274
7075,274
7076,274
7077,274
7078,274
7079,274
7080,274
7081,274
7082,274
7083,274
7084,274
7085,274
7086,274
7087,274
7088,274
7089,274
7090,274
7091,274
7092,274
7093,274
7094,274
7095,274
7096,274
7097,274
7098,274
7099,274
7100,274
7101,274
7102,274
7103,274
7104,274
7105,274
7106,274
7107,274
7108,274
7109,274
7110,274
7111,274
7112,274
7113,274
7114,274
7115,274
7116,274
7117,274
7118,274
7119,274
7120,274
7121,274
7122,274
7123,274
7124,274
7125,274
7126,274
7127,274
7128,274
7129,274
7130,274
7131,274
7132,274
7133,274
7134,274
7135,274
7136,274
7137,274
7138,274
7139,274
7140,274
7141,274
7142,274
7143,274
7144,274
7145,274
7146,274
7147,274
7148,274
7149,274
7150,274
7151,274
7152,274
7153,274
7154,274
7155,274
7156,274
7157,274
7158,274
7159,274
7160,274
7161,274
7162,274
7163,274
7164,274
7165,274
7166,274
7167,274
7168,274
7169,274
7170,274
7171,274
7172,274
7173,274
7174,274
7175,274
7176,274
7177,274
7178,274
7179,274
7180,274
7181,274
7182,274
7183,274
7184,274
7185,274
7186,274
7187,274
7188,274
7189,274
7190,274
7191,274
7192,274
7193,274
7194,274
7195,274
7196,274
7197,274
7198,274
7199,274
7200,274
7201,274
7202,274
7203,274
7204,274
7205,274
7206,274
7207,274
7208,274
7209,274
7210,274
7211,274
7212,274
7213,274
7214,274
7215,274
7216,274
7217,274
7218,274
7219,274
7220,274
7221,274
7222,274
7223,274
7224,274
7225,274
7226,274
7227,274
7228,274
7229,274
7230,274
7231,274
7232,274
7233,274
7234,274
7235,274
7236,274
7237,274
7238,274
7239,274
7240,274
7241,274
7242,274
7243,274
7244,274
7245,274
7246,274
7247,274
7248,274
7249,274
7250,274
7251,274
7252,274
7253,274
7254,274
7255,274
7256,274
7257,274
7258,274
7259,274
7260,274
7261,274
7262,274
7263,274
7264,274
7265,274
7266,274
7267,274
7268,274
7269,274
7270,274
7271,274
7272,274
7273,274
7274,274
7275,274
7276,274
7277,274
7278,274
7279,274
7280,274
7281,274
7282,274
7283,274
7284,274
7285,274
7286,274
7287,274
7288,274
7289,274
7290,274
7291,274
7292,274
7293,274
7294,274
7295,274
7296,274
7297,274
7298,274
7299,274
7300,274
7301,274
7302,274
7303,274
7304,274
7305,274
7306,274
7307,274
7308,274
7309,274
7310,274
7311,274
7312,274
7313,274
7314,274
7315,274
7316,274
7317,274
7318,274
7319,274
7320,274
7321,274
7322,274
7323,274
7324,274
7325,274
7326,274
7327,274
7328,274
7329,274
7330,274
7331,274
7332,274
7333,274
7334,274
7335,274
7336,274
7337,274
7338,274
7339,274
7340,274
7341,274
7342,274
7343,274
7344,274
7345,274
7346,274
7347,274
7348,274
7349,274
7350,274
7351,274
7352,274
7353,274
7354,274
7355,274
7356,274
7357,274
7358,274
7359,274
7360,274
7361,274
7362,274
7363,274
7364,274
7365,274
7366,274
7367,274
7368,274
7369,274
7370,274
7371,274
7372,274
7373,274
7374,274
7375,274
7376,274
7377,274
7378,274
7379,274
7380,274
7381,274
7382,274
7383,274
7384,274
7385,274
7386,274
7387,274
7388,274
7389,274
7390,274
7391,274
7392,274
7393,274
7394,274
7395,274
7396,274
7397,274
7398,274
7399,274
7400,274
7401,274
7402,274
7403,274
7404,274
7405,274
7406,274
7407,274
7408,274
7409,274
7410,274
7411,274
7412,274
7413,274
7414,274
7415,274
7416,274
7417,274
7418,274
7419,274
7420,274
7421,274
7422,274
7423,274
7424,274
7425,274
7426,274
7427,274
7428,274
7429,274
7430,274
7431,274
7432,274
7433,274
7434,274
7435,274
7436,274
7437,274
7438,274
7439,274
7440,274
7441,274
7442,274
7443,274
7444,274
7445,274
7446,274
7447,274
7448,274
7449,274
7450,274
7451,274
7452,274
7453,274
7454,274
7455,274
7456,274
7457,274
7458,274
7459,274
7460,274
7461,274
7462,274
7463,274
7464,274
7465,274
7466,274
7467,274
7468,274
7469,274
7470,274
7471,274
7472,274
7473,274
7474,274
7475,274
7476,274
7477,274
7478,274
7479,274
7480,274
7481,274
7482,274
7483,274
7484,274
7485,274
7486,274
7487,274
7488,274
7489,274
7490,274
7491,274
7492,274
7493,274
7494,274
7495,274
7496,274
7497,274
7498,274
7499,274
7500,274
7501,274
7502,274
7503,274
7504,274
7505,274
7506,274
7507,274
7508,274
7509,274
7510,274
7511,274
7512,274
7513,274
7514,274
7515,274
7516,274
7517,274
7518,274
7519,274
7520,274
7521,274
7522,274
7523,274
7524,274
7525,274
7526,274
7527,274
7528,274
7529,274
7530,274
7531,274
7532,274
7533,274
7534,274
7535,274
7536,274
7537,274
7538,274
7539,274
7540,274
7541,274
7542,274
7543,274
7544,274
7545,274
7546,274
7547,274
7548,274
7549,274
7550,274
7551,274
7552,274
7553,274
7554,274
7555,274
7556,274
7557,274
7558,274
7559,274
7560,274
7561,274
7562,274
7563,274
7564,274
7565,274
7566,274
7567,274
7568,274
7569,274
7570,274
7571,274
7572,274
7573,274
7574,274
7575,274
7576,274
7577,274
7578,274
7579,274
7580,274
7581,274
7582,274
7583,274
7584,274
7585,274
7586,274
7587,274
7588,274
7589,274
7590,274
7591,274
7592,274
7593,274
7594,274
7595,274
7596,274
7597,274
7598,274
7599,274
7600,274
7601,274
7602,274
7603,274
7604,274
7605,274
7606,274
7607,274
7608,274
7609,274
7610,274
7611,274
7612,274
7613,274
7614,274
7615,274
7616,274
7617,274
7618,274
7619,274
7620,274
7621,274
7622,274
7623,274
7624,274
7625,274
7626,274
7627,274
7628,274
7629,274
7630,274
7631,274
7632,274
7633,274
7634,274
7635,274
7636,274
7637,274
7638,274
7639,274
7640,274
7641,274
7642,274
7643,274
7644,274
7645,274
7646,274
7647,274
7648,274
7649,274
7650,274
7651,274
7652,274
7653,274
7654,274
7655,274
7656,274
7657,274
7658,274
7659,274
7660,274
7661,274
7662,274
7663,274
7664,274
7665,274
7666,274
7667,274
7668,274
7669,274
7670,274
7671,274
7672,274
7673,274
7674,274
7675,274
7676,274
7677,274
7678,274
7679,274
7680,274
7681,274
7682,274
7683,274
7684,274
7685,274
7686,274
7687,274
7688,274
7689,274
7690,274
7691,274
7692,274
7693,274
7694,274
7695,274
7696,274
7697,274
7698,274
7699,274
7700,275
7701,275
7702,275
7703,275
7704,275
7705,275
7706,275
7707,275
7708,275
7709,275
7710,275
7711,275
7712,275
7713,275
7714,275
7715,275
7716,275
7717,275
7718,275
7719,275
7720,275
7721,275
7722,275
7723,275
7724,275
7725,275
7726,275
7727,275
7728,275
7729,275
7730,275
7731,275
7732,275
7733,275
7734,275
7735,275
7736,275
7737,275
7738,275
7739,275
7740,275
7741,275
7742,275
7743,275
7744,275
7745,275
7746,275
7747,275
7748,275
7749,275
7750,275
7751,275
7752,275
7753,275
7754,275
7755,275
7756,275
7757,275
7758,275
7759,275
7760,275
7761,275
7762,275
7763,275
7764,275
7765,275
7766,275
7767,275
7768,275
7769,275
7770,275
7771,275
7772,275
7773,275
7774,275
7775,275
7776,275
7777,275
7778,275
7779,275
7780,275
7781,275
7782,275
7783,275
7784,275
7785,275
7786,275
7787,275
7788,275
7789,275
7790,275
7791,275
7792,275
7793,275
7794,275
7795,275
7796,275
7797,275
7798,275
7799,275
7800,275
7801,275
7802,275
7803,275
7804,275
7805,275
7806,275
7807,275
7808,275
7809,275
7810,275
7811,275
7812,275
7813,275
7814,275
7815,275
7816,275
7817,275
7818,275
7819,275
7820,275
7821,275
7822,275
7823,275
7824,275
7825,275
7826,275
7827,275
7828,275
7829,275
7830,275
7831,275
7832,275
7833,275
7834,275
7835,275
7836,275
7837,275
7838,275
7839,275
7840,275
7841,275
7842,275
7843,275
7844,275
7845,275
7846,275
7847,275
7848,275
7849,275
7850,275
7851,275
7852,275
7853,275
7854,275
7855,275
7856,275
7857,275
7858,275
7859,275
7860,275
7861,275
7862,275
7863,275
7864,275
7865,275
7866,275
7867,275
7868,275
7869,275
7870,275
7871,275
7872,275
7873,275
7874,275
7875,275
7876,275
7877,275
7878,275
7879,275
7880,275
7881,275
7882,275
7883,275
7884,275
7885,275
7886,275
7887,275
7888,275
7889,275
7890,275
7891,275
7892,275
7893,275
7894,275
7895,275
7896,275
7897,275
7898,275
7899,275
7900,275
7901,275
7902,275
7903,275
7904,275
7905,275
7906,275
7907,275
7908,275
7909,275
7910,275
7911,275
7912,275
7913,275
7914,275
7915,275
7916,275
7917,275
7918,275
7919,275
7920,275
7921,275
7922,275
7923,275
7924,275
7925,275
7926,275
7927,275
7928,275
7929,275
7930,275
7931,275
7932,275
7933,275
7934,275
7935,275
7936,275
7937,275
7938,275
7939,275
7940,275
7941,275
7942,275
7943,275
7944,275
7945,275
7946,275
7947,275
7948,275
7949,275
7950,275
7951,275
7952,275
7953,275
7954,275
7955,275
7956,275
7957,275
7958,275
7959,275
7960,275
7961,275
7962,275
7963,275
7964,275
7965,275
7966,275
7967,275
7968,275
7969,275
7970,275
7971,275
7972,275
7973,275
7974,275
7975,275
7976,275
7977,275
7978,275
7979,275
7980,275
7981,275
7982,275
7983,275
7984,275
7985,275
7986,275
7987,275
7988,275
7989,275
7990,275
7991,275
7992,275
7993,275
7994,275
7995,275
7996,275
7997,275
7998,275
7999,275
8000,275
8001,275
8002,275
8003,275
8004,275
8005,275
8006,275
8007,275
8008,275
8009,275
8010,275
8011,275
8012,275
8013,275
8014,275
8015,275
8016,275
8017,275
8018,275
8019,275
8020,275
8021,275
8022,275
8023,275
8024,275
8025,275
8026,275
8027,275
8028,275
8029,275
8030,275
8031,275
8032,275
8033,275
8034,275
8035,275
8036,275
8037,275
8038,275
8039,275
8040,275
8041,275
8042,275
8043,275
8044,275
8045,275
8046,275
8047,275
8048,275
8049,275
8050,275
8051,275
8052,275
8053,275
8054,275
8055,275
8056,275
8057,275
8058,275
8059,275
8060,275
8061,275
8062,275
8063,275
8064,275
8065,275
8066,275
8067,275
8068,275
8069,275
8070,275
8071,275
8072,275
8073,275
8074,275
8075,275
8076,275
8077,275
8078,275
8079,275
8080,275
8081,275
8082,275
8083,275
8084,275
8085,275
8086,275
8087,275
8088,275
8089,275
8090,275
8091,275
8092,275
8093,275
8094,275
8095,275
8096,275
8097,275
8098,275
8099,275
8100,275
8101,275
8102,275
8103,275
8104,275
8105,275
8106,275
8107,275
8108,275
8109,275
8110,275
8111,275
8112,275
8113,275
8114,275
8115,275
8116,275
8117,275
8118,275
8119,275
8120,275
8121,275
8122,275
8123,275
8124,275
8125,275
8126,275
8127,275
8128,275
8129,275
8130,275
8131,275
8132,275
8133,275
8134,275
8135,275
8136,275
8137,275
8138,275
8139,275
8140,275
8141,275
8142,275
8143,275
8144,275
8145,275
8146,275
8147,275
8148,275
8149,275
8150,275
8151,275
8152,275
8153,275
8154,275
8155,275
8156,275
8157,275
8158,275
8159,275
8160,275
8161,275
8162,275
8163,275
8164,275
8165,275
8166,275
8167,275
8168,275
8169,275
8170,275
8171,275
8172,275
8173,275
8174,275
8175,275
8176,275
8177,275
8178,275
8179,275
8180,275
8181,275
8182,275
8183,275
8184,275
8185,275
8186,275
8187,275
8188,275
8189,275
8190,275
8191,275
8192,275
8193,275
8194,275
8195,275
8196,275
8197,275
8198,275
8199,275
8200,275
8201,275
8202,275
8203,275
8204,275
8205,275
8206,275
8207,275
8208,275
8209,275
8210,275
8211,275
8212,275
8213,275
8214,275
8215,275
8216,275
8217,275
8218,275
8219,275
8220,275
8221,275
8222,275
8223,275
8224,275
8225,275
8226,275
8227,275
8228,275
8229,275
8230,275
8231,275
8232,275
8233,275
8234,275
8235,275
8236,275
8237,275
8238,275
8239,275
8240,275
8241,275
8242,275
8243,275
8244,275
8245,275
8246,275
8247,275
8248,275
8249,275
8250,275
8251,275
8252,275
8253,275
8254,275
8255,275
8256,275
8257,275
8258,275
8259,275
8260,275
8261,275
8262,275
8263,275
8264,275
8265,275
8266,275
8267,275
8268,275
8269,275
8270,275
8271,275
8272,275
8273,275
8274,275
8275,275
8276,275
8277,275
8278,275
8279,275
8280,275
8281,275
8282,275
8283,275
8284,275
8285,275
8286,275
8287,275
8288,275
8289,275
8290,275
8291,275
8292,275
8293,275
8294,275
8295,275
8296,275
8297,275
8298,275
8299,275
8300,275
8301,275
8302,275
8303,275
8304,275
8305,275
8306,275
8307,275
8308,275
8309,275
8310,275
8311,275
8312,275
8313,275
8314,275
8315,275
8316,275
8317,275
8318,275
8319,275
8320,275
8321,275
8322,275
8323,275
8324,275
8325,275
8326,275
8327,275
8328,275
8329,275
8330,275
8331,275
8332,275
8333,275
8334,275
8335,275
8336,275
8337,275
8338,275
8339,275
8340,275
8341,275
8342,275
8343,275
8344,275
8345,275
8346,275
8347,275
8348,275
8349,275
8350,275
8351,275
8352,275
8353,275
8354,275
8355,275
8356,275
8357,275
8358,275
8359,275
8360,275
8361,275
8362,275
8363,275
8364,275
8365,275
8366,275
8367,275
8368,275
8369,275
8370,275
8371,275
8372,275
8373,275
8374,275
8375,275
8376,275
8377,275
8378,275
8379,275
8380,275
8381,275
8382,275
8383,275
8384,275
8385,275
8386,275
8387,275
8388,275
8389,275
8390,275
8391,275
8392,275
8393,275
8394,275
8395,275
8396,275
8397,275
8398,275
8399,275
8400,275
8401,275
8402,275
8403,275
8404,275
8405,275
8406,275
8407,275
8408,275
8409,275
8410,275
8411,275
8412,275
8413,275
8414,275
8415,275
8416,275
8417,275
8418,275
8419,275
8420,275
8421,275
8422,275
8423,275
8424,275
8425,275
8426,275
8427,275
8428,275
8429,275
8430,275
8431,275
8432,275
8433,275
8434,275
8435,275
8436,275
8437,275
8438,275
8439,275
8440,275
8441,275
8442,275
8443,275
8444,275
8445,275
8446,275
8447,275
8448,275
8449,275
8450,275
8451,275
8452,275
8453,275
8454,275
8455,275
8456,275
8457,275
8458,275
8459,275
8460,275
8461,275
8462,275
8463,275
8464,275
8465,275
8466,275
8467,275
8468,275
8469,275
8470,275
8471,275
8472,275
8473,275
8474,275
8475,275
8476,275
8477,275
8478,275
8479,275
8480,275
8481,275
8482,275
8483,275
8484,275
8485,275
8486,275
8487,275
8488,275
8489,275
8490,275
8491,275
8492,275
8493,275
8494,275
8495,275
8496,275
8497,275
8498,275
8499,275
8500,275
8501,275
8502,275
8503,275
8504,275
8505,275
8506,275
8507,275
8508,275
8509,275
8510,275
8511,275
8512,275
8513,275
8514,275
8515,275
8516,275
8517,275
8518,275
8519,275
8520,275
8521,275
8522,275
8523,275
8524,275
8525,275
8526,275
8527,275
8528,275
8529,275
8530,275
8531,275
8532,275
8533,275
8534,275
8535,275
8536,275
8537,275
8538,275
8539,275
8540,275
8541,275
8542,275
8543,275
8544,275
8545,275
8546,275
8547,275
8548,275
8549,275
8550,275
8551,275
8552,275
8553,275
8554,275
8555,275
8556,275
8557,275
8558,275
8559,275
8560,275
8561,275
8562,275
8563,275
8564,275
8565,275
8566,275
8567,275
8568,275
8569,275
8570,275
8571,275
8572,275
8573,275
8574,275
8575,275
8576,275
8577,275
8578,275
8579,275
8580,275
8581,275
8582,275
8583,275
8584,275
8585,275
8586,275
8587,275
8588,275
8589,275
8590,275
8591,275
8592,275
8593,275
8594,275
8595,275
8596,275
8597,275
8598,275
8599,275
8600,275
8601,275
8602,275
8603,275
8604,275
8605,275
8606,275
8607,275
8608,275
8609,275
8610,275
8611,275
8612,275
8613,275
8614,275
8615,275
8616,275
8617,275
8618,275
8619,275
8620,275
8621,275
8622,275
8623,275
8624,275
8625,275
8626,275
8627,275
8628,275
8629,275
8630,275
8631,275
8632,275
8633,275
8634,275
8635,275
8636,275
8637,275
8638,275
8639,275
8640,275
8641,275
8642,275
8643,275
8644,275
8645,275
8646,275
8647,275
8648,275
8649,275
8650,275
8651,275
8652,275
8653,275
8654,275
8655,275
8656,275
8657,275
8658,275
8659,275
8660,275
8661,275
8662,275
8663,275
8664,275
8665,275
8666,275
8667,275
8668,275
8669,275
8670,275
8671,275
8672,275
8673,275
8674,275
8675,275
8676,275
8677,275
8678,275
8679,275
8680,275
8681,275
8682,275
8683,275
8684,275
8685,275
8686,275
8687,275
8688,275
8689,275
8690,275
8691,275
8692,275
8693,275
8694,275
8695,275
8696,275
8697,275
8698,275
8699,275
8700,275
8701,275
8702,275
8703,275
8704,275
8705,275
8706,275
8707,275
8708,275
8709,275
8710,275
8711,275
8712,275
8713,275
8714,275
8715,275
8716,275
8717,275
8718,275
8719,275
8720,275
8721,275
8722,275
8723,275
8724,275
8725,275
8726,275
8727,275
8728,275
8729,275
8730,275
8731,275
8732,275
8733,275
8734,275
8735,275
8736,275
8737,275
8738,275
8739,275
8740,275
8741,275
8742,275
8743,275
8744,275
8745,275
8746,275
8747,275
8748,275
8749,275
8750,275
8751,275
8752,275
8753,275
8754,275
8755,275
8756,275
8757,275
8758,275
8759,275
8760,275
8761,275
8762,275
8763,275
8764,275
8765,275
8766,275
8767,275
8768,275
8769,275
8770,275
8771,275
8772,275
8773,275
8774,275
8775,275
8776,275
8777,275
8778,275
8779,275
8780,275
8781,275
8782,275
8783,275
8784,275
8785,275
8786,275
8787,275
8788,275
8789,275
8790,275
8791,275
8792,275
8793,275
8794,275
8795,275
8796,275
8797,277
8798,277
8799,277
8800,277
8801,277
8802,277
8803,277
8804,277
8805,277
8806,277
8807,277
8808,277
8809,277
8810,277
8811,277
8812,277
8813,277
8814,277
8815,277
8816,277
8817,277
8818,277
8819,277
8820,277
8821,277
8822,277
8823,277
8824,277
8825,277
8826,277
8827,277
8828,277
8829,277
8830,277
8831,277
8832,277
8833,277
8834,277
8835,277
8836,277
8837,277
8838,277
8839,277
8840,277
8841,277
8842,277
8843,277
8844,277
8845,277
8846,277
8847,277
8848,277
8849,277
8850,277
8851,277
8852,277
8853,277
8854,277
8855,277
8856,277
8857,277
8858,277
8859,277
8860,277
8861,277
8862,277
8863,277
8864,277
8865,277
8866,277
8867,277
8868,277
8869,277
8870,277
8871,277
8872,277
8873,277
8874,277
8875,277
8876,277
8877,279
8878,279
8879,279
8880,279
8881,279
8882,279
8883,279
8884,279
8885,279
8886,279
8887,279
8888,279
8889,279
8890,279
8891,279
8892,279
8893,279
8894,279
8895,279
8896,279
8897,279
8898,279
8899,279
8900,279
8901,279
8902,279
8903,279
8904,279
8905,279
8906,279
8907,279
8908,279
8909,279
8910,279
8911,279
8912,279
8913,279
8914,279
8915,279
8916,279
8917,279
8918,279
8919,279
8920,279
8921,279
8922,279
8923,279
8924,279
8925,279
8926,279
8927,279
8928,279
8929,279
8930,279
8931,279
8932,279
8933,279
8934,279
8935,279
8936,279
8937,279
8938,279
8939,279
8940,279
8941,279
8942,279
8943,279
8944,279
8945,279
8946,279
8947,279
8948,279
8949,279
8950,279
8951,279
8952,279
8953,279
8954,279
8955,279
8956,279
8957,279
8958,279
8959,279
8960,279
8961,279
8962,279
8963,279
8964,279
8965,279
8966,279
8967,279
8968,279
8969,279
8970,279
8971,279
8972,279
8973,279
8974,279
8975,279
8976,279
8977,279
8978,279
8979,279
8980,279
8981,279
8982,279
8983,279
8984,279
8985,279
8986,279
8987,279
8988,279
8989,279
8990,279
8991,279
8992,279
8993,279
8994,279
8995,279
8996,279
8997,279
8998,279
8999,279
9000,279
9001,279
9002,279
9003,279
9004,279
9005,279
9006,279
9007,279
9008,279
9009,279
9010,279
9011,279
9012,279
9013,279
9014,279
9015,279
9016,279
9017,279
9018,279
9019,279
9020,279
9021,279
9022,279
9023,279
9024,279
9025,279
9026,279
9027,279
9028,279
9029,279
9030,279
9031,279
9032,279
9033,279
9034,279
9035,279
9036,279
9037,279
9038,279
9039,279
9040,279
9041,279
9042,279
9043,279
9044,279
9045,279
9046,279
9047,279
9048,279
9049,279
9050,279
9051,279
9052,279
9053,279
9054,279
9055,279
9056,279
9057,279
9058,279
9059,279
9060,279
9061,279
9062,279
9063,279
9064,279
9065,279
9066,279
9067,279
9068,279
9069,279
9070,279
9071,279
9072,279
9073,279
9074,279
9075,279
9076,279
9077,279
9078,279
9079,279
9080,279
9081,279
9082,279
9083,279
9084,279
9085,279
9086,279
9087,279
9088,279
9089,279
9090,279
9091,279
9092,279
9093,279
9094,279
9095,279
9096,279
9097,279
9098,279
9099,279
9100,279
9101,279
9102,279
9103,279
9104,279
9105,279
9106,279
9107,279
9108,279
9109,279
9110,279
9111,279
9112,279
9113,279
9114,279
9115,279
9116,279
9117,279
9118,279
9119,279
9120,279
9121,279
9122,279
9123,279
9124,279
9125,279
9126,279
9127,279
9128,279
9129,279
9130,279
9131,279
9132,279
9133,279
9134,279
9135,279
9136,279
9137,279
9138,279
9139,279
9140,279
9141,279
9142,279
9143,279
9144,279
9145,279
9146,279
9147,279
9148,279
9149,279
9150,279
9151,279
9152,279
9153,279
9154,279
9155,279
9156,279
9157,279
9158,279
9159,279
9160,279
9161,279
9162,279
9163,279
9164,279
9165,279
9166,279
9167,279
9168,279
9169,279
9170,279
9171,279
9172,279
9173,279
9174,279
9175,279
9176,279
9177,279
9178,279
9179,279
9180,279
9181,279
9182,279
9183,279
9184,279
9185,279
9186,279
9187,279
9188,279
9189,279
9190,279
9191,279
9192,279
9193,279
9194,279
9195,279
9196,279
9197,279
9198,279
9199,279
9200,279
9201,279
9202,279
9203,279
9204,279
9205,279
9206,279
9207,279
9208,279
9209,279
9210,279
9211,279
9212,279
9213,279
9214,279
9215,279
9216,279
9217,279
9218,279
9219,279
9220,279
9221,279
9222,279
9223,279
9224,279
9225,279
9226,279
9227,279
9228,279
9229,279
9230,279
9231,279
9232,279
9233,279
9234,279
9235,279
9236,279
9237,279
9238,279
9239,279
9240,279
9241,279
9242,279
9243,279
9244,279
9245,279
9246,279
9247,279
9248,279
9249,279
9250,279
9251,279
9252,279
9253,279
9254,279
9255,279
9256,279
9257,279
9258,279
9259,279
9260,279
9261,279
9262,279
9263,279
9264,279
9265,279
9266,279
9267,279
9268,279
9269,279
9270,279
9271,279
9272,279
9273,279
9274,279
9275,279
9276,279
9277,279
9278,279
9279,279
9280,279
9281,279
9282,279
9283,279
9284,279
9285,279
9286,279
9287,279
9288,279
9289,279
9290,279
9291,279
9292,279
9293,279
9294,279
9295,279
9296,279
9297,279
9298,279
9299,279
9300,279
9301,279
9302,279
9303,279
9304,279
9305,279
9306,279
9307,279
9308,279
9309,279
9310,279
9311,279
9312,279
9313,279
9314,279
9315,279
9316,279
9317,279
9318,279
9319,279
9320,279
9321,279
9322,279
9323,279
9324,279
9325,279
9326,279
9327,279
9328,279
9329,279
9330,279
9331,279
9332,279
9333,279
9334,279
9335,279
9336,279
9337,279
9338,279
9339,279
9340,279
9341,279
9342,279
9343,279
9344,279
9345,279
9346,279
9347,279
9348,279
9349,279
9350,279
9351,279
9352,279
9353,279
9354,279
9355,279
9356,279
9357,279
9358,279
9359,279
9360,279
9361,279
9362,279
9363,279
9364,279
9365,279
9366,279
9367,279
9368,279
9369,279
9370,279
9371,279
9372,279
9373,279
9374,279
9375,279
9376,279
9377,279
9378,279
9379,279
9380,279
9381,279
9382,279
9383,279
9384,279
9385,279
9386,279
9387,279
9388,279
9389,279
9390,279
9391,279
9392,279
9393,279
9394,279
9395,279
9396,279
9397,279
9398,279
9399,279
9400,279
9401,279
9402,279
9403,279
9404,279
9405,279
9406,279
9407,279
9408,279
9409,279
9410,279
9411,279
9412,279
9413,279
9414,279
9415,279
9416,279
9417,279
9418,279
9419,279
9420,279
9421,279
9422,279
9423,279
9424,279
9425,279
9426,279
9427,279
9428,279
9429,279
9430,279
9431,279
9432,279
9433,279
9434,279
9435,279
9436,279
9437,279
9438,279
9439,279
9440,279
9441,279
9442,279
9443,279
9444,279
9445,279
9446,279
9447,279
9448,279
9449,279
9450,279
9451,279
9452,279
9453,279
9454,279
9455,279
9456,279
9457,279
9458,279
9459,279
9460,279
9461,279
9462,279
9463,279
9464,279
9465,279
9466,279
9467,279
9468,279
9469,279
9470,279
9471,279
9472,279
9473,279
9474,279
9475,279
9476,279
9477,279
9478,279
9479,279
9480,279
9481,279
9482,279
9483,279
9484,279
9485,279
9486,279
9487,279
9488,279
9489,279
9490,279
9491,279
9492,279
9493,279
9494,279
9495,279
9496,279
9497,279
9498,279
9499,279
9500,279
9501,279
9502,279
9503,279
9504,279
9505,279
9506,279
9507,279
9508,279
9509,279
9510,279
9511,279
9512,279
9513,279
9514,279
9515,279
9516,279
9517,279
9518,279
9519,279
9520,279
9521,279
9522,279
9523,279
9524,279
9525,279
9526,279
9527,279
9528,279
9529,279
9530,279
9531,279
9532,279
9533,279
9534,279
9535,279
9536,279
9537,279
9538,279
9539,279
9540,279
9541,279
9542,279
9543,279
9544,279
9545,279
9546,279
9547,279
9548,279
9549,279
9550,279
9551,279
9552,279
9553,279
9554,279
9555,279
9556,279
9557,279
9558,279
9559,279
9560,279
9561,279
9562,279
9563,279
9564,279
9565,279
9566,279
9567,279
9568,279
9569,279
9570,279
9571,279
9572,279
9573,279
9574,279
9575,279
9576,279
9577,279
9578,279
9579,279
9580,279
9581,279
9582,279
9583,279
9584,279
9585,279
9586,279
9587,279
9588,279
9589,279
9590,279
9591,279
9592,279
9593,279
9594,279
9595,279
9596,279
9597,279
9598,279
9599,279
9600,279
9601,279
9602,279
9603,279
9604,279
9605,279
9606,279
9607,279
9608,279
9609,279
9610,279
9611,279
9612,279
9613,279
9614,279
9615,279
9616,279
9617,279
9618,279
9619,279
9620,279
9621,279
9622,279
9623,279
9624,279
9625,279
9626,279
9627,279
9628,279
9629,279
9630,279
9631,279
9632,279
9633,279
9634,279
9635,279
9636,279
9637,279
9638,279
9639,279
9640,279
9641,279
9642,279
9643,279
9644,279
9645,279
9646,279
9647,279
9648,279
9649,279
9650,279
9651,279
9652,279
9653,279
9654,279
9655,279
9656,279
9657,279
9658,279
9659,279
9660,279
9661,279
9662,279
9663,279
9664,279
9665,279
9666,279
9667,279
9668,279
9669,279
9670,279
9671,279
9672,279
9673,279
9674,279
9675,279
9676,279
9677,279
9678,279
9679,279
9680,279
9681,279
9682,279
9683,279
9684,279
9685,279
9686,279
9687,279
9688,279
9689,279
9690,279
9691,279
9692,279
9693,279
9694,279
9695,279
9696,279
9697,279
9698,279
9699,279
9700,279
9701,279
9702,279
9703,279
9704,279
9705,279
9706,279
9707,279
9708,279
9709,279
9710,279
9711,279
9712,279
9713,279
9714,279
9715,279
9716,279
9717,279
9718,279
9719,279
9720,279
9721,279
9722,279
9723,279
9724,279
9725,279
9726,279
9727,279
9728,279
9729,279
9730,279
9731,279
9732,279
9733,279
9734,279
9735,279
9736,279
9737,279
9738,279
9739,279
9740,279
9741,279
9742,279
9743,279
9744,279
9745,279
9746,279
9747,279
9748,279
9749,279
9750,279
9751,279
9752,279
9753,279
9754,279
9755,279
9756,279
9757,279
9758,279
9759,279
9760,279
9761,279
9762,279
9763,279
9764,279
9765,279
9766,279
9767,279
9768,279
9769,279
9770,279
9771,279
9772,279
9773,279
9774,279
9775,279
9776,279
9777,279
9778,279
9779,279
9780,279
9781,279
9782,279
9783,279
9784,279
9785,279
9786,279
9787,279
9788,279
9789,279
9790,279
9791,279
9792,279
9793,279
9794,279
9795,279
9796,279
9797,279
9798,279
9799,279
9800,279
9801,279
9802,279
9803,279
9804,279
9805,279
9806,279
9807,279
9808,279
9809,279
9810,279
9811,279
9812,279
9813,279
9814,279
9815,279
9816,279
9817,279
9818,279
9819,279
9820,279
9821,279
9822,279
9823,279
9824,279
9825,279
9826,279
9827,279
9828,279
9829,279
9830,279
9831,279
9832,279
9833,279
9834,279
9835,279
9836,279
9837,279
9838,279
9839,279
9840,279
9841,279
9842,279
9843,279
9844,279
9845,279
9846,279
9847,279
9848,279
9849,279
9850,279
9851,279
9852,279
9853,279
9854,279
9855,279
9856,279
9857,279
9858,279
9859,279
9860,279
9861,279
9862,279
9863,279
9864,279
9865,279
9866,279
9867,279
9868,279
9869,279
9870,279
9871,279
9872,279
9873,279
9874,279
9875,279
9876,279
9877,279
9878,279
9879,279
9880,279
9881,279
9882,279
9883,279
9884,279
9885,279
9886,279
9887,279
9888,279
9889,279
9890,279
9891,279
9892,279
9893,279
9894,279
9895,279
9896,279
9897,279
9898,279
9899,279
9900,279
9901,279
9902,279
9903,279
9904,279
9905,279
9906,279
9907,279
9908,279
9909,279
9910,279
9911,279
9912,279
9913,279
9914,279
9915,279
9916,279
9917,279
9918,279
9919,279
9920,279
9921,279
9922,279
9923,279
9924,279
9925,279
9926,279
9927,279
9928,279
9929,279
9930,279
9931,279
9932,279
9933,279
9934,279
9935,279
9936,279
9937,279
9938,279
9939,279
9940,279
9941,279
9942,279
9943,279
9944,279
9945,279
9946,279
9947,279
9948,279
9949,279
9950,279
9951,279
9952,279
9953,279
9954,279
9955,279
9956,279
9957,279
9958,279
9959,279
9960,279
9961,279
9962,279
9963,279
9964,279
9965,279
9966,279
9967,279
9968,279
9969,279
9970,279
9971,279
9972,279
9973,279
9974,279
9975,279
9976,279
9977,279
9978,279
9979,279
9980,279
9981,279
9982,279
9983,279
9984,279
9985,279
9986,279
9987,279
9988,279
9989,279
9990,279
9991,279
9992,279
9993,279
9994,279
9995,279
9996,279
9997,279
9998,279
9999,279
10000,279