Trial, LineCoverage
1, 162
2, 191
3, 388
4, 393
5, 394
6, 394
7, 404
8, 404
9, 408
10, 408
11, 408
12, 408
13, 409
14, 409
15, 409
16, 409
17, 421
18, 451
19, 451
20, 456
21, 456
22, 456
23, 456
24, 456
25, 456
26, 456
27, 456
28, 456
29, 456
30, 456
31, 456
32, 485
33, 485
34, 490
35, 490
36, 490
37, 490
38, 490
39, 490
40, 490
41, 490
42, 490
43, 490
44, 490
45, 490
46, 490
47, 490
48, 490
49, 490
50, 490
51, 490
52, 490
53, 490
54, 490
55, 490
56, 490
57, 490
58, 490
59, 490
60, 490
61, 490
62, 490
63, 490
64, 490
65, 490
66, 490
67, 490
68, 490
69, 490
70, 490
71, 490
72, 490
73, 490
74, 490
75, 490
76, 490
77, 490
78, 490
79, 490
80, 490
81, 490
82, 490
83, 490
84, 490
85, 490
86, 490
87, 490
88, 490
89, 490
90, 490
91, 490
92, 490
93, 490
94, 492
95, 492
96, 492
97, 492
98, 492
99, 492
100, 492
101, 492
102, 492
103, 492
104, 492
105, 492
106, 492
107, 492
108, 492
109, 492
110, 492
111, 492
112, 492
113, 492
114, 492
115, 492
116, 492
117, 492
118, 492
119, 492
120, 492
121, 492
122, 492
123, 492
124, 492
125, 492
126, 492
127, 492
128, 492
129, 492
130, 492
131, 492
132, 492
133, 492
134, 492
135, 492
136, 492
137, 492
138, 492
139, 492
140, 492
141, 492
142, 492
143, 492
144, 492
145, 492
146, 492
147, 492
148, 492
149, 492
150, 492
151, 492
152, 492
153, 492
154, 492
155, 492
156, 492
157, 492
158, 492
159, 492
160, 492
161, 492
162, 492
163, 492
164, 492
165, 492
166, 492
167, 492
168, 492
169, 492
170, 492
171, 492
172, 492
173, 492
174, 492
175, 492
176, 492
177, 492
178, 492
179, 492
180, 492
181, 492
182, 492
183, 492
184, 494
185, 494
186, 494
187, 494
188, 494
189, 494
190, 494
191, 494
192, 494
193, 494
194, 494
195, 494
196, 494
197, 494
198, 494
199, 494
200, 494
201, 494
202, 494
203, 494
204, 494
205, 494
206, 494
207, 494
208, 494
209, 494
210, 494
211, 494
212, 494
213, 494
214, 494
215, 494
216, 494
217, 494
218, 494
219, 494
220, 494
221, 494
222, 494
223, 494
224, 494
225, 494
226, 494
227, 494
228, 494
229, 494
230, 494
231, 494
232, 494
233, 494
234, 494
235, 494
236, 494
237, 494
238, 494
239, 494
240, 494
241, 494
242, 494
243, 494
244, 494
245, 494
246, 494
247, 494
248, 494
249, 494
250, 494
251, 494
252, 494
253, 494
254, 494
255, 494
256, 494
257, 494
258, 494
259, 494
260, 494
261, 494
262, 494
263, 494
264, 494
265, 494
266, 494
267, 494
268, 494
269, 496
270, 496
271, 496
272, 496
273, 496
274, 496
275, 496
276, 496
277, 496
278, 496
279, 496
280, 496
281, 496
282, 496
283, 496
284, 496
285, 496
286, 496
287, 496
288, 496
289, 496
290, 496
291, 496
292, 496
293, 496
294, 496
295, 496
296, 496
297, 496
298, 496
299, 496
300, 496
301, 496
302, 496
303, 496
304, 496
305, 496
306, 496
307, 496
308, 496
309, 496
310, 496
311, 496
312, 496
313, 496
314, 496
315, 496
316, 496
317, 496
318, 496
319, 496
320, 496
321, 496
322, 496
323, 496
324, 496
325, 496
326, 496
327, 496
328, 496
329, 496
330, 496
331, 496
332, 496
333, 496
334, 496
335, 496
336, 496
337, 496
338, 496
339, 496
340, 496
341, 496
342, 496
343, 496
344, 496
345, 496
346, 496
347, 496
348, 496
349, 496
350, 496
351, 496
352, 496
353, 496
354, 496
355, 496
356, 496
357, 496
358, 496
359, 496
360, 496
361, 496
362, 496
363, 496
364, 496
365, 496
366, 496
367, 496
368, 496
369, 496
370, 496
371, 496
372, 496
373, 496
374, 496
375, 496
376, 496
377, 496
378, 496
379, 496
380, 496
381, 496
382, 496
383, 496
384, 496
385, 496
386, 496
387, 496
388, 496
389, 496
390, 496
391, 496
392, 496
393, 496
394, 496
395, 496
396, 496
397, 496
398, 496
399, 496
400, 496
401, 496
402, 496
403, 496
404, 496
405, 496
406, 496
407, 496
408, 496
409, 496
410, 496
411, 496
412, 496
413, 496
414, 496
415, 496
416, 496
417, 496
418, 496
419, 496
420, 496
421, 496
422, 496
423, 496
424, 496
425, 496
426, 496
427, 496
428, 496
429, 496
430, 496
431, 496
432, 496
433, 496
434, 496
435, 496
436, 496
437, 496
438, 496
439, 496
440, 496
441, 496
442, 496
443, 496
444, 496
445, 496
446, 496
447, 496
448, 496
449, 496
450, 496
451, 496
452, 496
453, 496
454, 496
455, 496
456, 496
457, 496
458, 496
459, 500
460, 500
461, 500
462, 500
463, 500
464, 500
465, 500
466, 500
467, 500
468, 500
469, 500
470, 500
471, 500
472, 500
473, 500
474, 500
475, 500
476, 500
477, 500
478, 500
479, 500
480, 500
481, 500
482, 500
483, 500
484, 500
485, 500
486, 500
487, 500
488, 500
489, 500
490, 500
491, 500
492, 500
493, 500
494, 500
495, 500
496, 500
497, 500
498, 500
499, 500
500, 500
501, 500
502, 500
503, 500
504, 500
505, 500
506, 500
507, 500
508, 500
509, 500
510, 500
511, 500
512, 500
513, 500
514, 500
515, 500
516, 500
517, 500
518, 500
519, 500
520, 500
521, 500
522, 500
523, 500
524, 500
525, 500
526, 500
527, 500
528, 500
529, 500
530, 500
531, 500
532, 500
533, 500
534, 500
535, 500
536, 500
537, 500
538, 500
539, 500
540, 500
541, 500
542, 500
543, 500
544, 500
545, 500
546, 500
547, 500
548, 500
549, 500
550, 500
551, 500
552, 500
553, 500
554, 500
555, 500
556, 500
557, 500
558, 500
559, 500
560, 500
561, 500
562, 500
563, 500
564, 500
565, 500
566, 500
567, 500
568, 500
569, 500
570, 500
571, 500
572, 500
573, 500
574, 500
575, 500
576, 500
577, 500
578, 500
579, 500
580, 500
581, 500
582, 500
583, 500
584, 500
585, 500
586, 500
587, 500
588, 500
589, 500
590, 500
591, 500
592, 500
593, 500
594, 500
595, 500
596, 500
597, 500
598, 500
599, 500
600, 500
601, 500
602, 500
603, 500
604, 500
605, 500
606, 500
607, 500
608, 500
609, 500
610, 500
611, 500
612, 500
613, 500
614, 500
615, 500
616, 500
617, 500
618, 500
619, 500
620, 500
621, 500
622, 500
623, 500
624, 500
625, 500
626, 500
627, 500
628, 500
629, 500
630, 500
631, 500
632, 500
633, 500
634, 500
635, 500
636, 500
637, 500
638, 500
639, 500
640, 500
641, 500
642, 500
643, 500
644, 500
645, 500
646, 500
647, 500
648, 500
649, 500
650, 500
651, 500
652, 500
653, 500
654, 500
655, 500
656, 500
657, 500
658, 500
659, 500
660, 500
661, 500
662, 500
663, 500
664, 500
665, 500
666, 500
667, 500
668, 500
669, 500
670, 500
671, 500
672, 500
673, 500
674, 500
675, 500
676, 500
677, 500
678, 500
679, 500
680, 500
681, 500
682, 500
683, 500
684, 500
685, 500
686, 500
687, 500
688, 500
689, 500
690, 500
691, 500
692, 500
693, 500
694, 500
695, 500
696, 500
697, 500
698, 500
699, 500
700, 500
701, 500
702, 500
703, 500
704, 500
705, 500
706, 500
707, 500
708, 500
709, 500
710, 500
711, 500
712, 500
713, 500
714, 500
715, 500
716, 500
717, 500
718, 500
719, 500
720, 500
721, 500
722, 500
723, 500
724, 500
725, 500
726, 500
727, 500
728, 500
729, 500
730, 500
731, 500
732, 500
733, 500
734, 500
735, 500
736, 500
737, 500
738, 500
739, 500
740, 500
741, 500
742, 500
743, 500
744, 500
745, 500
746, 500
747, 500
748, 500
749, 500
750, 500
751, 500
752, 500
753, 500
754, 500
755, 500
756, 500
757, 500
758, 500
759, 500
760, 500
761, 500
762, 500
763, 500
764, 500
765, 500
766, 500
767, 500
768, 500
769, 500
770, 500
771, 500
772, 500
773, 500
774, 500
775, 500
776, 500
777, 500
778, 500
779, 500
780, 500
781, 500
782, 500
783, 500
784, 500
785, 500
786, 500
787, 500
788, 500
789, 500
790, 500
791, 500
792, 500
793, 500
794, 500
795, 500
796, 500
797, 500
798, 500
799, 500
800, 500
801, 500
802, 500
803, 500
804, 500
805, 500
806, 500
807, 500
808, 500
809, 500
810, 500
811, 500
812, 500
813, 500
814, 500
815, 500
816, 500
817, 500
818, 500
819, 500
820, 500
821, 500
822, 500
823, 500
824, 500
825, 500
826, 500
827, 500
828, 500
829, 500
830, 500
831, 500
832, 500
833, 500
834, 500
835, 500
836, 500
837, 500
838, 500
839, 500
840, 500
841, 500
842, 500
843, 500
844, 500
845, 500
846, 500
847, 500
848, 500
849, 500
850, 500
851, 500
852, 500
853, 500
854, 500
855, 500
856, 500
857, 500
858, 500
859, 500
860, 500
861, 500
862, 500
863, 500
864, 500
865, 500
866, 500
867, 500
868, 500
869, 500
870, 500
871, 500
872, 500
873, 500
874, 500
875, 500
876, 500
877, 500
878, 500
879, 500
880, 500
881, 500
882, 500
883, 500
884, 500
885, 500
886, 500
887, 500
888, 502
889, 502
890, 502
891, 502
892, 502
893, 502
894, 502
895, 502
896, 502
897, 502
898, 502
899, 502
900, 502
901, 502
902, 502
903, 502
904, 502
905, 502
906, 502
907, 502
908, 502
909, 502
910, 502
911, 502
912, 502
913, 502
914, 502
915, 502
916, 502
917, 502
918, 502
919, 502
920, 502
921, 502
922, 502
923, 502
924, 502
925, 502
926, 502
927, 502
928, 502
929, 502
930, 502
931, 502
932, 502
933, 502
934, 502
935, 502
936, 502
937, 502
938, 502
939, 502
940, 502
941, 502
942, 502
943, 502
944, 502
945, 502
946, 502
947, 502
948, 502
949, 502
950, 502
951, 502
952, 502
953, 502
954, 502
955, 502
956, 502
957, 502
958, 510
959, 510
960, 510
961, 510
962, 510
963, 510
964, 510
965, 510
966, 510
967, 510
968, 510
969, 510
970, 510
971, 510
972, 510
973, 510
974, 510
975, 510
976, 510
977, 510
978, 510
979, 510
980, 510
981, 510
982, 510
983, 510
984, 510
985, 510
986, 510
987, 510
988, 510
989, 510
990, 510
991, 510
992, 510
993, 510
994, 510
995, 510
996, 510
997, 510
998, 510
999, 510
1000, 510
1001, 510
1002, 510
1003, 510
1004, 510
1005, 510
1006, 510
1007, 510
1008, 510
1009, 510
1010, 510
1011, 510
1012, 510
1013, 510
1014, 510
1015, 510
1016, 510
1017, 510
1018, 510
1019, 510
1020, 510
1021, 510
1022, 510
1023, 510
1024, 510
1025, 510
1026, 510
1027, 510
1028, 510
1029, 510
1030, 510
1031, 510
1032, 510
1033, 510
1034, 510
1035, 510
1036, 510
1037, 510
1038, 510
1039, 510
1040, 510
1041, 510
1042, 510
1043, 510
1044, 510
1045, 510
1046, 510
1047, 510
1048, 510
1049, 510
1050, 510
1051, 510
1052, 510
1053, 510
1054, 510
1055, 510
1056, 510
1057, 510
1058, 510
1059, 510
1060, 510
1061, 510
1062, 510
1063, 510
1064, 510
1065, 510
1066, 510
1067, 510
1068, 510
1069, 510
1070, 510
1071, 510
1072, 510
1073, 510
1074, 510
1075, 510
1076, 510
1077, 510
1078, 510
1079, 510
1080, 510
1081, 510
1082, 510
1083, 510
1084, 510
1085, 510
1086, 510
1087, 510
1088, 510
1089, 510
1090, 510
1091, 510
1092, 510
1093, 510
1094, 510
1095, 510
1096, 510
1097, 510
1098, 510
1099, 510
1100, 510
1101, 510
1102, 510
1103, 510
1104, 510
1105, 510
1106, 510
1107, 510
1108, 510
1109, 510
1110, 510
1111, 510
1112, 510
1113, 510
1114, 510
1115, 510
1116, 510
1117, 510
1118, 510
1119, 510
1120, 510
1121, 510
1122, 510
1123, 510
1124, 510
1125, 510
1126, 510
1127, 510
1128, 510
1129, 510
1130, 510
1131, 510
1132, 510
1133, 510
1134, 510
1135, 510
1136, 510
1137, 510
1138, 510
1139, 510
1140, 510
1141, 510
1142, 510
1143, 510
1144, 510
1145, 510
1146, 510
1147, 510
1148, 510
1149, 510
1150, 510
1151, 510
1152, 510
1153, 510
1154, 510
1155, 510
1156, 510
1157, 510
1158, 510
1159, 510
1160, 510
1161, 510
1162, 510
1163, 510
1164, 510
1165, 510
1166, 510
1167, 510
1168, 510
1169, 510
1170, 510
1171, 510
1172, 510
1173, 510
1174, 510
1175, 510
1176, 510
1177, 510
1178, 510
1179, 510
1180, 510
1181, 510
1182, 510
1183, 510
1184, 510
1185, 510
1186, 510
1187, 510
1188, 510
1189, 510
1190, 510
1191, 510
1192, 510
1193, 510
1194, 510
1195, 510
1196, 510
1197, 510
1198, 510
1199, 510
1200, 510
1201, 510
1202, 510
1203, 510
1204, 510
1205, 510
1206, 510
1207, 510
1208, 510
1209, 510
1210, 510
1211, 510
1212, 510
1213, 510
1214, 510
1215, 510
1216, 510
1217, 510
1218, 510
1219, 510
1220, 510
1221, 510
1222, 510
1223, 510
1224, 510
1225, 510
1226, 510
1227, 510
1228, 510
1229, 510
1230, 510
1231, 510
1232, 510
1233, 510
1234, 510
1235, 510
1236, 510
1237, 510
1238, 510
1239, 510
1240, 510
1241, 510
1242, 510
1243, 510
1244, 510
1245, 510
1246, 510
1247, 510
1248, 510
1249, 510
1250, 510
1251, 510
1252, 510
1253, 510
1254, 510
1255, 510
1256, 510
1257, 510
1258, 510
1259, 510
1260, 510
1261, 510
1262, 510
1263, 510
1264, 510
1265, 510
1266, 510
1267, 510
1268, 510
1269, 510
1270, 510
1271, 510
1272, 510
1273, 510
1274, 510
1275, 510
1276, 510
1277, 510
1278, 510
1279, 510
1280, 510
1281, 510
1282, 510
1283, 510
1284, 510
1285, 510
1286, 510
1287, 510
1288, 510
1289, 510
1290, 510
1291, 510
1292, 510
1293, 510
1294, 510
1295, 510
1296, 510
1297, 510
1298, 510
1299, 510
1300, 510
1301, 510
1302, 510
1303, 510
1304, 510
1305, 510
1306, 510
1307, 510
1308, 510
1309, 510
1310, 510
1311, 510
1312, 510
1313, 510
1314, 510
1315, 510
1316, 510
1317, 510
1318, 510
1319, 510
1320, 510
1321, 510
1322, 510
1323, 510
1324, 510
1325, 510
1326, 510
1327, 510
1328, 510
1329, 510
1330, 510
1331, 510
1332, 510
1333, 510
1334, 510
1335, 510
1336, 510
1337, 510
1338, 510
1339, 510
1340, 510
1341, 510
1342, 510
1343, 510
1344, 510
1345, 510
1346, 510
1347, 510
1348, 510
1349, 510
1350, 510
1351, 510
1352, 510
1353, 510
1354, 510
1355, 510
1356, 510
1357, 512
1358, 512
1359, 512
1360, 512
1361, 512
1362, 512
1363, 512
1364, 512
1365, 512
1366, 512
1367, 512
1368, 512
1369, 512
1370, 512
1371, 512
1372, 512
1373, 512
1374, 512
1375, 512
1376, 512
1377, 512
1378, 512
1379, 512
1380, 512
1381, 512
1382, 512
1383, 512
1384, 512
1385, 512
1386, 512
1387, 512
1388, 512
1389, 512
1390, 512
1391, 512
1392, 512
1393, 512
1394, 512
1395, 512
1396, 512
1397, 512
1398, 512
1399, 512
1400, 512
1401, 512
1402, 512
1403, 512
1404, 512
1405, 512
1406, 512
1407, 512
1408, 512
1409, 512
1410, 512
1411, 512
1412, 512
1413, 512
1414, 512
1415, 512
1416, 512
1417, 512
1418, 512
1419, 512
1420, 512
1421, 512
1422, 512
1423, 512
1424, 512
1425, 512
1426, 512
1427, 512
1428, 512
1429, 512
1430, 512
1431, 512
1432, 512
1433, 512
1434, 512
1435, 512
1436, 512
1437, 512
1438, 512
1439, 512
1440, 512
1441, 512
1442, 512
1443, 512
1444, 512
1445, 512
1446, 512
1447, 512
1448, 512
1449, 512
1450, 512
1451, 512
1452, 512
1453, 512
1454, 512
1455, 512
1456, 512
1457, 512
1458, 512
1459, 512
1460, 512
1461, 512
1462, 512
1463, 512
1464, 512
1465, 512
1466, 512
1467, 512
1468, 512
1469, 512
1470, 512
1471, 512
1472, 512
1473, 512
1474, 512
1475, 512
1476, 512
1477, 512
1478, 512
1479, 512
1480, 512
1481, 512
1482, 512
1483, 512
1484, 512
1485, 512
1486, 512
1487, 512
1488, 512
1489, 512
1490, 512
1491, 512
1492, 512
1493, 512
1494, 512
1495, 512
1496, 512
1497, 512
1498, 512
1499, 512
1500, 512
1501, 512
1502, 512
1503, 512
1504, 512
1505, 512
1506, 512
1507, 512
1508, 512
1509, 512
1510, 512
1511, 512
1512, 512
1513, 512
1514, 512
1515, 512
1516, 512
1517, 512
1518, 512
1519, 512
1520, 512
1521, 512
1522, 512
1523, 512
1524, 512
1525, 512
1526, 512
1527, 512
1528, 512
1529, 512
1530, 512
1531, 512
1532, 512
1533, 512
1534, 512
1535, 512
1536, 512
1537, 512
1538, 512
1539, 512
1540, 512
1541, 512
1542, 512
1543, 512
1544, 512
1545, 512
1546, 512
1547, 512
1548, 512
1549, 512
1550, 512
1551, 512
1552, 512
1553, 512
1554, 512
1555, 512
1556, 512
1557, 512
1558, 512
1559, 512
1560, 512
1561, 512
1562, 512
1563, 512
1564, 512
1565, 512
1566, 512
1567, 512
1568, 512
1569, 512
1570, 512
1571, 512
1572, 512
1573, 512
1574, 512
1575, 512
1576, 512
1577, 512
1578, 512
1579, 512
1580, 512
1581, 512
1582, 512
1583, 512
1584, 512
1585, 512
1586, 512
1587, 512
1588, 512
1589, 512
1590, 512
1591, 512
1592, 512
1593, 512
1594, 512
1595, 512
1596, 512
1597, 512
1598, 512
1599, 512
1600, 512
1601, 512
1602, 512
1603, 512
1604, 512
1605, 512
1606, 512
1607, 512
1608, 512
1609, 512
1610, 512
1611, 512
1612, 512
1613, 512
1614, 512
1615, 512
1616, 512
1617, 512
1618, 512
1619, 512
1620, 512
1621, 512
1622, 512
1623, 512
1624, 512
1625, 512
1626, 512
1627, 512
1628, 512
1629, 512
1630, 512
1631, 512
1632, 512
1633, 512
1634, 512
1635, 512
1636, 512
1637, 512
1638, 512
1639, 512
1640, 512
1641, 512
1642, 512
1643, 512
1644, 512
1645, 512
1646, 512
1647, 512
1648, 512
1649, 512
1650, 512
1651, 512
1652, 512
1653, 512
1654, 512
1655, 512
1656, 512
1657, 512
1658, 512
1659, 512
1660, 512
1661, 512
1662, 512
1663, 512
1664, 512
1665, 512
1666, 512
1667, 512
1668, 512
1669, 512
1670, 512
1671, 512
1672, 512
1673, 512
1674, 512
1675, 512
1676, 512
1677, 512
1678, 512
1679, 512
1680, 512
1681, 512
1682, 512
1683, 512
1684, 512
1685, 512
1686, 512
1687, 512
1688, 512
1689, 512
1690, 512
1691, 512
1692, 512
1693, 512
1694, 512
1695, 512
1696, 512
1697, 512
1698, 512
1699, 512
1700, 512
1701, 512
1702, 512
1703, 512
1704, 512
1705, 512
1706, 512
1707, 512
1708, 512
1709, 512
1710, 512
1711, 512
1712, 512
1713, 512
1714, 512
1715, 512
1716, 512
1717, 512
1718, 512
1719, 512
1720, 512
1721, 512
1722, 512
1723, 512
1724, 512
1725, 512
1726, 512
1727, 512
1728, 512
1729, 512
1730, 512
1731, 512
1732, 512
1733, 512
1734, 512
1735, 512
1736, 512
1737, 512
1738, 512
1739, 512
1740, 512
1741, 512
1742, 512
1743, 512
1744, 512
1745, 512
1746, 512
1747, 512
1748, 512
1749, 512
1750, 512
1751, 512
1752, 512
1753, 512
1754, 512
1755, 512
1756, 512
1757, 512
1758, 512
1759, 512
1760, 512
1761, 512
1762, 512
1763, 512
1764, 512
1765, 512
1766, 512
1767, 512
1768, 512
1769, 512
1770, 512
1771, 512
1772, 512
1773, 515
1774, 515
1775, 515
1776, 515
1777, 515
1778, 515
1779, 515
1780, 515
1781, 515
1782, 515
1783, 515
1784, 515
1785, 515
1786, 515
1787, 515
1788, 515
1789, 515
1790, 515
1791, 515
1792, 515
1793, 515
1794, 515
1795, 515
1796, 515
1797, 515
1798, 515
1799, 515
1800, 515
1801, 515
1802, 515
1803, 515
1804, 515
1805, 515
1806, 515
1807, 515
1808, 515
1809, 515
1810, 515
1811, 515
1812, 515
1813, 515
1814, 515
1815, 515
1816, 515
1817, 515
1818, 515
1819, 515
1820, 515
1821, 515
1822, 515
1823, 515
1824, 515
1825, 515
1826, 515
1827, 515
1828, 515
1829, 515
1830, 515
1831, 515
1832, 515
1833, 515
1834, 515
1835, 515
1836, 515
1837, 515
1838, 515
1839, 515
1840, 515
1841, 515
1842, 515
1843, 515
1844, 515
1845, 515
1846, 515
1847, 515
1848, 519
1849, 519
1850, 519
1851, 519
1852, 519
1853, 519
1854, 519
1855, 519
1856, 519
1857, 519
1858, 519
1859, 519
1860, 519
1861, 519
1862, 519
1863, 519
1864, 519
1865, 519
1866, 519
1867, 519
1868, 519
1869, 519
1870, 519
1871, 519
1872, 519
1873, 519
1874, 519
1875, 519
1876, 519
1877, 519
1878, 519
1879, 519
1880, 519
1881, 519
1882, 519
1883, 519
1884, 519
1885, 519
1886, 519
1887, 519
1888, 519
1889, 519
1890, 519
1891, 519
1892, 519
1893, 519
1894, 519
1895, 519
1896, 519
1897, 519
1898, 519
1899, 519
1900, 519
1901, 519
1902, 519
1903, 519
1904, 519
1905, 519
1906, 519
1907, 519
1908, 519
1909, 519
1910, 519
1911, 519
1912, 519
1913, 519
1914, 519
1915, 519
1916, 519
1917, 519
1918, 519
1919, 519
1920, 519
1921, 519
1922, 519
1923, 519
1924, 519
1925, 519
1926, 519
1927, 519
1928, 519
1929, 519
1930, 519
1931, 519
1932, 519
1933, 519
1934, 519
1935, 519
1936, 519
1937, 519
1938, 519
1939, 519
1940, 519
1941, 519
1942, 519
1943, 519
1944, 519
1945, 519
1946, 519
1947, 519
1948, 519
1949, 519
1950, 519
1951, 519
1952, 519
1953, 519
1954, 519
1955, 519
1956, 519
1957, 519
1958, 519
1959, 519
1960, 519
1961, 519
1962, 519
1963, 519
1964, 519
1965, 519
1966, 519
1967, 519
1968, 519
1969, 519
1970, 519
1971, 519
1972, 519
1973, 519
1974, 519
1975, 519
1976, 519
1977, 519
1978, 519
1979, 519
1980, 519
1981, 519
1982, 519
1983, 519
1984, 519
1985, 519
1986, 519
1987, 519
1988, 519
1989, 519
1990, 519
1991, 519
1992, 519
1993, 519
1994, 519
1995, 519
1996, 519
1997, 519
1998, 519
1999, 519
2000, 519
2001, 519
2002, 519
2003, 519
2004, 519
2005, 519
2006, 519
2007, 519
2008, 519
2009, 519
2010, 519
2011, 519
2012, 519
2013, 519
2014, 519
2015, 519
2016, 519
2017, 519
2018, 519
2019, 519
2020, 519
2021, 519
2022, 519
2023, 519
2024, 519
2025, 519
2026, 519
2027, 519
2028, 519
2029, 519
2030, 519
2031, 519
2032, 519
2033, 519
2034, 519
2035, 519
2036, 519
2037, 519
2038, 519
2039, 519
2040, 519
2041, 519
2042, 519
2043, 519
2044, 519
2045, 519
2046, 519
2047, 519
2048, 519
2049, 519
2050, 519
2051, 519
2052, 519
2053, 519
2054, 519
2055, 519
2056, 519
2057, 519
2058, 519
2059, 519
2060, 519
2061, 519
2062, 519
2063, 519
2064, 519
2065, 519
2066, 519
2067, 519
2068, 519
2069, 519
2070, 519
2071, 519
2072, 519
2073, 519
2074, 519
2075, 519
2076, 519
2077, 519
2078, 519
2079, 519
2080, 519
2081, 519
2082, 519
2083, 519
2084, 519
2085, 519
2086, 519
2087, 519
2088, 519
2089, 519
2090, 519
2091, 519
2092, 519
2093, 519
2094, 519
2095, 519
2096, 519
2097, 519
2098, 519
2099, 519
2100, 519
2101, 519
2102, 519
2103, 519
2104, 519
2105, 519
2106, 519
2107, 519
2108, 519
2109, 519
2110, 519
2111, 519
2112, 519
2113, 519
2114, 519
2115, 519
2116, 519
2117, 519
2118, 519
2119, 519
2120, 519
2121, 519
2122, 519
2123, 519
2124, 519
2125, 519
2126, 519
2127, 519
2128, 519
2129, 519
2130, 519
2131, 519
2132, 519
2133, 519
2134, 519
2135, 519
2136, 519
2137, 519
2138, 519
2139, 519
2140, 519
2141, 519
2142, 519
2143, 519
2144, 519
2145, 519
2146, 519
2147, 519
2148, 519
2149, 519
2150, 519
2151, 519
2152, 519
2153, 519
2154, 519
2155, 519
2156, 519
2157, 519
2158, 519
2159, 519
2160, 519
2161, 519
2162, 519
2163, 519
2164, 519
2165, 519
2166, 519
2167, 519
2168, 519
2169, 519
2170, 519
2171, 519
2172, 519
2173, 519
2174, 519
2175, 519
2176, 519
2177, 519
2178, 519
2179, 519
2180, 519
2181, 519
2182, 519
2183, 519
2184, 519
2185, 519
2186, 519
2187, 519
2188, 519
2189, 519
2190, 519
2191, 519
2192, 519
2193, 519
2194, 519
2195, 519
2196, 519
2197, 519
2198, 519
2199, 519
2200, 519
2201, 519
2202, 519
2203, 519
2204, 519
2205, 519
2206, 519
2207, 519
2208, 519
2209, 519
2210, 519
2211, 519
2212, 519
2213, 519
2214, 519
2215, 519
2216, 519
2217, 519
2218, 519
2219, 519
2220, 519
2221, 519
2222, 519
2223, 519
2224, 519
2225, 519
2226, 519
2227, 519
2228, 519
2229, 519
2230, 519
2231, 519
2232, 519
2233, 519
2234, 519
2235, 519
2236, 519
2237, 519
2238, 519
2239, 519
2240, 519
2241, 519
2242, 519
2243, 519
2244, 519
2245, 519
2246, 519
2247, 519
2248, 519
2249, 519
2250, 519
2251, 519
2252, 519
2253, 519
2254, 519
2255, 519
2256, 519
2257, 519
2258, 519
2259, 519
2260, 519
2261, 519
2262, 519
2263, 519
2264, 519
2265, 519
2266, 519
2267, 519
2268, 519
2269, 519
2270, 519
2271, 519
2272, 519
2273, 519
2274, 519
2275, 519
2276, 519
2277, 519
2278, 519
2279, 519
2280, 519
2281, 519
2282, 519
2283, 519
2284, 519
2285, 519
2286, 519
2287, 519
2288, 519
2289, 519
2290, 519
2291, 519
2292, 519
2293, 519
2294, 519
2295, 519
2296, 519
2297, 519
2298, 519
2299, 519
2300, 519
2301, 519
2302, 519
2303, 519
2304, 519
2305, 519
2306, 519
2307, 519
2308, 519
2309, 519
2310, 519
2311, 519
2312, 519
2313, 519
2314, 519
2315, 519
2316, 519
2317, 519
2318, 519
2319, 519
2320, 519
2321, 519
2322, 519
2323, 519
2324, 519
2325, 519
2326, 519
2327, 519
2328, 519
2329, 519
2330, 519
2331, 519
2332, 519
2333, 519
2334, 519
2335, 519
2336, 519
2337, 519
2338, 519
2339, 519
2340, 519
2341, 519
2342, 519
2343, 519
2344, 519
2345, 519
2346, 519
2347, 519
2348, 519
2349, 519
2350, 519
2351, 519
2352, 519
2353, 519
2354, 519
2355, 519
2356, 519
2357, 519
2358, 519
2359, 519
2360, 519
2361, 519
2362, 519
2363, 519
2364, 519
2365, 519
2366, 519
2367, 519
2368, 519
2369, 519
2370, 519
2371, 519
2372, 519
2373, 519
2374, 519
2375, 519
2376, 519
2377, 519
2378, 519
2379, 519
2380, 519
2381, 519
2382, 519
2383, 519
2384, 519
2385, 519
2386, 519
2387, 519
2388, 519
2389, 519
2390, 519
2391, 519
2392, 519
2393, 519
2394, 519
2395, 519
2396, 519
2397, 519
2398, 519
2399, 519
2400, 519
2401, 519
2402, 519
2403, 519
2404, 519
2405, 519
2406, 519
2407, 519
2408, 519
2409, 519
2410, 519
2411, 519
2412, 519
2413, 519
2414, 519
2415, 519
2416, 519
2417, 519
2418, 519
2419, 519
2420, 519
2421, 519
2422, 519
2423, 519
2424, 519
2425, 519
2426, 519
2427, 519
2428, 519
2429, 519
2430, 519
2431, 519
2432, 519
2433, 519
2434, 519
2435, 519
2436, 519
2437, 519
2438, 519
2439, 519
2440, 519
2441, 519
2442, 519
2443, 519
2444, 519
2445, 519
2446, 519
2447, 519
2448, 519
2449, 519
2450, 519
2451, 519
2452, 519
2453, 519
2454, 519
2455, 519
2456, 519
2457, 519
2458, 519
2459, 519
2460, 519
2461, 519
2462, 519
2463, 519
2464, 519
2465, 519
2466, 519
2467, 519
2468, 520
2469, 520
2470, 520
2471, 520
2472, 520
2473, 520
2474, 520
2475, 520
2476, 520
2477, 520
2478, 520
2479, 520
2480, 520
2481, 520
2482, 520
2483, 520
2484, 520
2485, 520
2486, 520
2487, 520
2488, 520
2489, 520
2490, 520
2491, 520
2492, 520
2493, 520
2494, 520
2495, 520
2496, 520
2497, 520
2498, 520
2499, 520
2500, 520
2501, 520
2502, 520
2503, 520
2504, 520
2505, 520
2506, 520
2507, 520
2508, 520
2509, 520
2510, 520
2511, 520
2512, 520
2513, 520
2514, 520
2515, 520
2516, 520
2517, 520
2518, 520
2519, 520
2520, 520
2521, 520
2522, 520
2523, 520
2524, 520
2525, 520
2526, 520
2527, 520
2528, 520
2529, 520
2530, 520
2531, 520
2532, 520
2533, 520
2534, 520
2535, 520
2536, 520
2537, 520
2538, 520
2539, 520
2540, 520
2541, 520
2542, 520
2543, 520
2544, 520
2545, 520
2546, 520
2547, 520
2548, 520
2549, 520
2550, 520
2551, 520
2552, 520
2553, 520
2554, 520
2555, 520
2556, 520
2557, 520
2558, 520
2559, 520
2560, 520
2561, 520
2562, 520
2563, 520
2564, 520
2565, 520
2566, 520
2567, 520
2568, 520
2569, 520
2570, 520
2571, 520
2572, 520
2573, 520
2574, 520
2575, 520
2576, 520
2577, 520
2578, 520
2579, 520
2580, 520
2581, 520
2582, 520
2583, 520
2584, 520
2585, 520
2586, 520
2587, 520
2588, 520
2589, 520
2590, 520
2591, 520
2592, 520
2593, 520
2594, 520
2595, 520
2596, 520
2597, 520
2598, 520
2599, 520
2600, 520
2601, 520
2602, 520
2603, 520
2604, 520
2605, 520
2606, 520
2607, 520
2608, 520
2609, 520
2610, 520
2611, 520
2612, 520
2613, 520
2614, 520
2615, 520
2616, 520
2617, 520
2618, 520
2619, 520
2620, 520
2621, 520
2622, 520
2623, 520
2624, 520
2625, 520
2626, 520
2627, 520
2628, 520
2629, 520
2630, 520
2631, 520
2632, 520
2633, 520
2634, 520
2635, 520
2636, 520
2637, 520
2638, 520
2639, 520
2640, 520
2641, 520
2642, 520
2643, 520
2644, 520
2645, 520
2646, 520
2647, 520
2648, 520
2649, 520
2650, 520
2651, 520
2652, 520
2653, 520
2654, 520
2655, 520
2656, 520
2657, 520
2658, 520
2659, 520
2660, 520
2661, 520
2662, 520
2663, 520
2664, 520
2665, 520
2666, 520
2667, 520
2668, 520
2669, 520
2670, 520
2671, 520
2672, 520
2673, 520
2674, 520
2675, 520
2676, 520
2677, 520
2678, 520
2679, 520
2680, 520
2681, 520
2682, 520
2683, 520
2684, 520
2685, 520
2686, 520
2687, 520
2688, 520
2689, 520
2690, 520
2691, 520
2692, 520
2693, 520
2694, 520
2695, 520
2696, 520
2697, 520
2698, 520
2699, 520
2700, 520
2701, 520
2702, 520
2703, 520
2704, 520
2705, 520
2706, 520
2707, 520
2708, 520
2709, 520
2710, 520
2711, 520
2712, 520
2713, 520
2714, 520
2715, 520
2716, 520
2717, 520
2718, 520
2719, 520
2720, 520
2721, 520
2722, 520
2723, 520
2724, 520
2725, 520
2726, 520
2727, 520
2728, 520
2729, 520
2730, 520
2731, 520
2732, 520
2733, 520
2734, 520
2735, 520
2736, 520
2737, 520
2738, 520
2739, 520
2740, 520
2741, 520
2742, 520
2743, 520
2744, 520
2745, 520
2746, 520
2747, 520
2748, 520
2749, 520
2750, 520
2751, 520
2752, 520
2753, 520
2754, 520
2755, 520
2756, 520
2757, 520
2758, 520
2759, 520
2760, 520
2761, 520
2762, 520
2763, 520
2764, 520
2765, 520
2766, 520
2767, 520
2768, 520
2769, 520
2770, 520
2771, 520
2772, 520
2773, 520
2774, 520
2775, 520
2776, 520
2777, 520
2778, 520
2779, 520
2780, 520
2781, 520
2782, 520
2783, 520
2784, 520
2785, 520
2786, 520
2787, 520
2788, 520
2789, 520
2790, 520
2791, 520
2792, 520
2793, 520
2794, 520
2795, 520
2796, 520
2797, 520
2798, 520
2799, 520
2800, 520
2801, 520
2802, 520
2803, 520
2804, 520
2805, 520
2806, 520
2807, 520
2808, 520
2809, 520
2810, 520
2811, 520
2812, 520
2813, 520
2814, 520
2815, 520
2816, 520
2817, 520
2818, 520
2819, 520
2820, 520
2821, 520
2822, 520
2823, 520
2824, 520
2825, 520
2826, 520
2827, 520
2828, 520
2829, 520
2830, 520
2831, 520
2832, 520
2833, 520
2834, 520
2835, 520
2836, 520
2837, 520
2838, 520
2839, 520
2840, 520
2841, 520
2842, 520
2843, 520
2844, 520
2845, 520
2846, 520
2847, 520
2848, 520
2849, 520
2850, 520
2851, 520
2852, 520
2853, 520
2854, 520
2855, 520
2856, 520
2857, 520
2858, 520
2859, 520
2860, 520
2861, 520
2862, 520
2863, 520
2864, 520
2865, 520
2866, 520
2867, 520
2868, 520
2869, 520
2870, 520
2871, 520
2872, 520
2873, 520
2874, 520
2875, 520
2876, 520
2877, 520
2878, 520
2879, 520
2880, 520
2881, 520
2882, 520
2883, 520
2884, 520
2885, 520
2886, 520
2887, 520
2888, 520
2889, 520
2890, 520
2891, 520
2892, 520
2893, 520
2894, 520
2895, 520
2896, 520
2897, 520
2898, 520
2899, 520
2900, 520
2901, 520
2902, 520
2903, 520
2904, 520
2905, 520
2906, 520
2907, 520
2908, 520
2909, 520
2910, 520
2911, 520
2912, 520
2913, 520
2914, 520
2915, 520
2916, 520
2917, 520
2918, 520
2919, 520
2920, 520
2921, 520
2922, 520
2923, 520
2924, 520
2925, 520
2926, 520
2927, 520
2928, 520
2929, 520
2930, 520
2931, 520
2932, 520
2933, 520
2934, 520
2935, 520
2936, 520
2937, 520
2938, 520
2939, 520
2940, 520
2941, 520
2942, 520
2943, 520
2944, 520
2945, 520
2946, 520
2947, 520
2948, 520
2949, 520
2950, 520
2951, 520
2952, 520
2953, 520
2954, 520
2955, 520
2956, 520
2957, 520
2958, 520
2959, 520
2960, 520
2961, 520
2962, 520
2963, 520
2964, 520
2965, 520
2966, 520
2967, 520
2968, 520
2969, 520
2970, 520
2971, 520
2972, 520
2973, 520
2974, 520
2975, 520
2976, 520
2977, 520
2978, 520
2979, 520
2980, 520
2981, 520
2982, 520
2983, 520
2984, 520
2985, 520
2986, 520
2987, 520
2988, 520
2989, 520
2990, 520
2991, 520
2992, 520
2993, 520
2994, 520
2995, 520
2996, 520
2997, 520
2998, 520
2999, 520
3000, 520
3001, 520
3002, 520
3003, 520
3004, 520
3005, 520
3006, 520
3007, 520
3008, 520
3009, 520
3010, 520
3011, 520
3012, 520
3013, 520
3014, 520
3015, 520
3016, 520
3017, 520
3018, 520
3019, 520
3020, 520
3021, 520
3022, 520
3023, 520
3024, 520
3025, 520
3026, 520
3027, 520
3028, 520
3029, 520
3030, 520
3031, 520
3032, 520
3033, 520
3034, 520
3035, 520
3036, 520
3037, 520
3038, 520
3039, 520
3040, 520
3041, 520
3042, 520
3043, 520
3044, 520
3045, 520
3046, 520
3047, 520
3048, 520
3049, 520
3050, 520
3051, 520
3052, 520
3053, 520
3054, 520
3055, 520
3056, 520
3057, 520
3058, 520
3059, 520
3060, 520
3061, 520
3062, 520
3063, 520
3064, 520
3065, 520
3066, 520
3067, 520
3068, 520
3069, 520
3070, 520
3071, 520
3072, 520
3073, 520
3074, 520
3075, 520
3076, 520
3077, 520
3078, 520
3079, 520
3080, 520
3081, 520
3082, 520
3083, 520
3084, 520
3085, 520
3086, 520
3087, 520
3088, 520
3089, 520
3090, 520
3091, 520
3092, 520
3093, 520
3094, 520
3095, 520
3096, 520
3097, 520
3098, 520
3099, 520
3100, 520
3101, 520
3102, 520
3103, 520
3104, 520
3105, 520
3106, 520
3107, 520
3108, 520
3109, 520
3110, 520
3111, 520
3112, 520
3113, 520
3114, 520
3115, 520
3116, 520
3117, 520
3118, 520
3119, 520
3120, 520
3121, 520
3122, 520
3123, 520
3124, 520
3125, 520
3126, 520
3127, 520
3128, 520
3129, 520
3130, 520
3131, 520
3132, 520
3133, 520
3134, 520
3135, 520
3136, 520
3137, 520
3138, 520
3139, 520
3140, 520
3141, 520
3142, 520
3143, 520
3144, 520
3145, 520
3146, 520
3147, 520
3148, 520
3149, 520
3150, 520
3151, 520
3152, 520
3153, 520
3154, 520
3155, 520
3156, 520
3157, 520
3158, 520
3159, 520
3160, 520
3161, 520
3162, 520
3163, 520
3164, 520
3165, 520
3166, 520
3167, 520
3168, 520
3169, 520
3170, 520
3171, 520
3172, 520
3173, 520
3174, 520
3175, 520
3176, 520
3177, 520
3178, 520
3179, 520
3180, 520
3181, 520
3182, 520
3183, 520
3184, 520
3185, 520
3186, 520
3187, 520
3188, 520
3189, 520
3190, 520
3191, 520
3192, 520
3193, 520
3194, 520
3195, 520
3196, 520
3197, 520
3198, 520
3199, 520
3200, 520
3201, 520
3202, 520
3203, 520
3204, 520
3205, 520
3206, 520
3207, 520
3208, 520
3209, 520
3210, 520
3211, 520
3212, 520
3213, 520
3214, 520
3215, 520
3216, 520
3217, 520
3218, 520
3219, 520
3220, 520
3221, 520
3222, 520
3223, 520
3224, 520
3225, 520
3226, 520
3227, 520
3228, 520
3229, 520
3230, 520
3231, 520
3232, 520
3233, 520
3234, 520
3235, 520
3236, 520
3237, 520
3238, 520
3239, 520
3240, 520
3241, 520
3242, 520
3243, 520
3244, 520
3245, 520
3246, 520
3247, 520
3248, 520
3249, 520
3250, 520
3251, 520
3252, 520
3253, 520
3254, 520
3255, 520
3256, 520
3257, 520
3258, 520
3259, 520
3260, 520
3261, 520
3262, 520
3263, 520
3264, 520
3265, 520
3266, 520
3267, 520
3268, 520
3269, 520
3270, 520
3271, 520
3272, 520
3273, 520
3274, 520
3275, 520
3276, 520
3277, 520
3278, 520
3279, 520
3280, 520
3281, 520
3282, 520
3283, 520
3284, 520
3285, 520
3286, 520
3287, 520
3288, 520
3289, 520
3290, 520
3291, 520
3292, 520
3293, 520
3294, 520
3295, 520
3296, 520
3297, 520
3298, 520
3299, 520
3300, 520
3301, 520
3302, 520
3303, 520
3304, 520
3305, 520
3306, 520
3307, 520
3308, 520
3309, 520
3310, 520
3311, 520
3312, 520
3313, 520
3314, 520
3315, 520
3316, 520
3317, 520
3318, 520
3319, 520
3320, 520
3321, 520
3322, 520
3323, 520
3324, 520
3325, 520
3326, 520
3327, 520
3328, 520
3329, 520
3330, 520
3331, 520
3332, 520
3333, 520
3334, 520
3335, 520
3336, 520
3337, 520
3338, 520
3339, 520
3340, 520
3341, 520
3342, 520
3343, 520
3344, 520
3345, 520
3346, 520
3347, 520
3348, 520
3349, 520
3350, 520
3351, 520
3352, 520
3353, 520
3354, 520
3355, 520
3356, 520
3357, 520
3358, 520
3359, 520
3360, 520
3361, 520
3362, 520
3363, 520
3364, 520
3365, 520
3366, 520
3367, 520
3368, 520
3369, 520
3370, 520
3371, 520
3372, 520
3373, 520
3374, 520
3375, 520
3376, 520
3377, 520
3378, 520
3379, 520
3380, 520
3381, 520
3382, 520
3383, 520
3384, 520
3385, 520
3386, 520
3387, 520
3388, 520
3389, 520
3390, 520
3391, 520
3392, 520
3393, 520
3394, 520
3395, 520
3396, 520
3397, 520
3398, 520
3399, 520
3400, 520
3401, 520
3402, 520
3403, 520
3404, 520
3405, 520
3406, 520
3407, 520
3408, 520
3409, 520
3410, 520
3411, 520
3412, 520
3413, 520
3414, 520
3415, 520
3416, 520
3417, 520
3418, 520
3419, 520
3420, 520
3421, 520
3422, 520
3423, 520
3424, 520
3425, 520
3426, 520
3427, 520
3428, 520
3429, 520
3430, 520
3431, 520
3432, 520
3433, 520
3434, 520
3435, 520
3436, 520
3437, 520
3438, 520
3439, 520
3440, 520
3441, 520
3442, 520
3443, 520
3444, 520
3445, 520
3446, 520
3447, 520
3448, 520
3449, 520
3450, 520
3451, 520
3452, 520
3453, 520
3454, 520
3455, 520
3456, 520
3457, 520
3458, 520
3459, 520
3460, 520
3461, 520
3462, 520
3463, 520
3464, 520
3465, 520
3466, 520
3467, 520
3468, 520
3469, 520
3470, 520
3471, 520
3472, 520
3473, 520
3474, 520
3475, 520
3476, 520
3477, 520
3478, 520
3479, 520
3480, 520
3481, 520
3482, 520
3483, 520
3484, 520
3485, 520
3486, 520
3487, 520
3488, 520
3489, 520
3490, 520
3491, 520
3492, 520
3493, 520
3494, 520
3495, 520
3496, 520
3497, 520
3498, 520
3499, 520
3500, 520
3501, 520
3502, 520
3503, 520
3504, 520
3505, 520
3506, 520
3507, 520
3508, 520
3509, 520
3510, 520
3511, 522
3512, 522
3513, 522
3514, 522
3515, 522
3516, 522
3517, 522
3518, 522
3519, 522
3520, 522
3521, 522
3522, 522
3523, 522
3524, 522
3525, 522
3526, 522
3527, 522
3528, 522
3529, 522
3530, 522
3531, 522
3532, 522
3533, 522
3534, 522
3535, 522
3536, 522
3537, 522
3538, 522
3539, 522
3540, 522
3541, 522
3542, 522
3543, 522
3544, 522
3545, 522
3546, 522
3547, 522
3548, 522
3549, 522
3550, 522
3551, 522
3552, 522
3553, 522
3554, 522
3555, 522
3556, 522
3557, 522
3558, 522
3559, 522
3560, 522
3561, 522
3562, 522
3563, 522
3564, 522
3565, 522
3566, 522
3567, 522
3568, 522
3569, 522
3570, 522
3571, 522
3572, 522
3573, 522
3574, 522
3575, 522
3576, 522
3577, 522
3578, 522
3579, 522
3580, 522
3581, 522
3582, 522
3583, 522
3584, 522
3585, 522
3586, 522
3587, 522
3588, 522
3589, 522
3590, 522
3591, 522
3592, 522
3593, 522
3594, 522
3595, 522
3596, 522
3597, 522
3598, 522
3599, 522
3600, 522
3601, 522
3602, 522
3603, 522
3604, 522
3605, 522
3606, 522
3607, 522
3608, 522
3609, 522
3610, 522
3611, 522
3612, 522
3613, 522
3614, 522
3615, 522
3616, 522
3617, 522
3618, 522
3619, 522
3620, 522
3621, 522
3622, 522
3623, 522
3624, 522
3625, 522
3626, 522
3627, 522
3628, 522
3629, 522
3630, 522
3631, 522
3632, 522
3633, 522
3634, 522
3635, 522
3636, 522
3637, 522
3638, 522
3639, 522
3640, 522
3641, 522
3642, 522
3643, 522
3644, 522
3645, 522
3646, 522
3647, 522
3648, 522
3649, 522
3650, 522
3651, 522
3652, 522
3653, 522
3654, 522
3655, 522
3656, 522
3657, 522
3658, 522
3659, 522
3660, 522
3661, 522
3662, 522
3663, 522
3664, 522
3665, 522
3666, 522
3667, 522
3668, 522
3669, 522
3670, 522
3671, 522
3672, 522
3673, 522
3674, 522
3675, 522
3676, 522
3677, 522
3678, 522
3679, 522
3680, 522
3681, 522
3682, 522
3683, 522
3684, 522
3685, 522
3686, 522
3687, 522
3688, 522
3689, 522
3690, 522
3691, 522
3692, 522
3693, 522
3694, 522
3695, 522
3696, 522
3697, 522
3698, 522
3699, 522
3700, 522
3701, 522
3702, 522
3703, 522
3704, 522
3705, 522
3706, 522
3707, 522
3708, 522
3709, 522
3710, 522
3711, 522
3712, 522
3713, 522
3714, 522
3715, 522
3716, 522
3717, 522
3718, 522
3719, 522
3720, 522
3721, 522
3722, 522
3723, 522
3724, 522
3725, 522
3726, 522
3727, 522
3728, 522
3729, 522
3730, 522
3731, 522
3732, 522
3733, 522
3734, 522
3735, 522
3736, 522
3737, 522
3738, 522
3739, 522
3740, 522
3741, 522
3742, 522
3743, 522
3744, 522
3745, 522
3746, 522
3747, 522
3748, 522
3749, 522
3750, 522
3751, 522
3752, 522
3753, 522
3754, 522
3755, 522
3756, 522
3757, 522
3758, 522
3759, 522
3760, 522
3761, 522
3762, 522
3763, 522
3764, 522
3765, 522
3766, 522
3767, 522
3768, 522
3769, 522
3770, 522
3771, 522
3772, 522
3773, 522
3774, 522
3775, 522
3776, 522
3777, 522
3778, 522
3779, 522
3780, 522
3781, 522
3782, 522
3783, 522
3784, 522
3785, 522
3786, 522
3787, 522
3788, 522
3789, 522
3790, 522
3791, 522
3792, 522
3793, 522
3794, 522
3795, 522
3796, 522
3797, 522
3798, 522
3799, 522
3800, 522
3801, 522
3802, 522
3803, 522
3804, 522
3805, 522
3806, 522
3807, 522
3808, 522
3809, 522
3810, 522
3811, 522
3812, 522
3813, 522
3814, 522
3815, 522
3816, 522
3817, 522
3818, 522
3819, 522
3820, 522
3821, 522
3822, 522
3823, 522
3824, 522
3825, 522
3826, 522
3827, 522
3828, 522
3829, 522
3830, 522
3831, 522
3832, 522
3833, 522
3834, 522
3835, 522
3836, 522
3837, 522
3838, 522
3839, 522
3840, 522
3841, 522
3842, 522
3843, 522
3844, 522
3845, 522
3846, 522
3847, 522
3848, 522
3849, 522
3850, 522
3851, 522
3852, 522
3853, 522
3854, 522
3855, 522
3856, 522
3857, 522
3858, 522
3859, 522
3860, 522
3861, 522
3862, 522
3863, 522
3864, 522
3865, 522
3866, 522
3867, 522
3868, 522
3869, 522
3870, 522
3871, 522
3872, 522
3873, 522
3874, 522
3875, 522
3876, 522
3877, 522
3878, 522
3879, 522
3880, 522
3881, 522
3882, 522
3883, 522
3884, 522
3885, 522
3886, 522
3887, 522
3888, 522
3889, 522
3890, 522
3891, 522
3892, 522
3893, 522
3894, 522
3895, 522
3896, 522
3897, 522
3898, 522
3899, 522
3900, 522
3901, 522
3902, 522
3903, 522
3904, 522
3905, 522
3906, 522
3907, 522
3908, 522
3909, 522
3910, 522
3911, 522
3912, 522
3913, 522
3914, 522
3915, 522
3916, 522
3917, 522
3918, 522
3919, 522
3920, 522
3921, 522
3922, 522
3923, 522
3924, 522
3925, 522
3926, 522
3927, 522
3928, 522
3929, 522
3930, 522
3931, 522
3932, 522
3933, 522
3934, 522
3935, 522
3936, 522
3937, 522
3938, 522
3939, 522
3940, 522
3941, 522
3942, 522
3943, 522
3944, 522
3945, 522
3946, 522
3947, 522
3948, 522
3949, 522
3950, 522
3951, 522
3952, 522
3953, 522
3954, 522
3955, 522
3956, 522
3957, 522
3958, 522
3959, 522
3960, 522
3961, 522
3962, 522
3963, 522
3964, 522
3965, 522
3966, 522
3967, 522
3968, 522
3969, 522
3970, 522
3971, 522
3972, 522
3973, 522
3974, 522
3975, 522
3976, 522
3977, 522
3978, 522
3979, 522
3980, 522
3981, 522
3982, 522
3983, 522
3984, 522
3985, 522
3986, 522
3987, 522
3988, 522
3989, 522
3990, 522
3991, 522
3992, 522
3993, 522
3994, 522
3995, 522
3996, 522
3997, 522
3998, 522
3999, 522
4000, 522
4001, 522
4002, 522
4003, 522
4004, 522
4005, 522
4006, 522
4007, 522
4008, 522
4009, 522
4010, 522
4011, 522
4012, 522
4013, 522
4014, 522
4015, 522
4016, 522
4017, 522
4018, 522
4019, 522
4020, 522
4021, 522
4022, 522
4023, 522
4024, 522
4025, 522
4026, 522
4027, 522
4028, 522
4029, 522
4030, 522
4031, 522
4032, 522
4033, 522
4034, 522
4035, 522
4036, 522
4037, 522
4038, 522
4039, 522
4040, 522
4041, 522
4042, 522
4043, 522
4044, 522
4045, 522
4046, 522
4047, 522
4048, 522
4049, 522
4050, 522
4051, 522
4052, 522
4053, 522
4054, 522
4055, 522
4056, 522
4057, 522
4058, 522
4059, 522
4060, 522
4061, 522
4062, 522
4063, 522
4064, 522
4065, 522
4066, 522
4067, 522
4068, 522
4069, 522
4070, 522
4071, 522
4072, 522
4073, 522
4074, 522
4075, 522
4076, 522
4077, 522
4078, 522
4079, 522
4080, 522
4081, 522
4082, 522
4083, 522
4084, 522
4085, 522
4086, 522
4087, 522
4088, 522
4089, 522
4090, 522
4091, 522
4092, 522
4093, 522
4094, 522
4095, 522
4096, 522
4097, 522
4098, 522
4099, 522
4100, 522
4101, 522
4102, 522
4103, 522
4104, 522
4105, 522
4106, 522
4107, 522
4108, 522
4109, 522
4110, 522
4111, 522
4112, 522
4113, 522
4114, 522
4115, 522
4116, 522
4117, 522
4118, 522
4119, 522
4120, 522
4121, 522
4122, 522
4123, 522
4124, 522
4125, 522
4126, 522
4127, 522
4128, 522
4129, 522
4130, 522
4131, 522
4132, 522
4133, 522
4134, 522
4135, 522
4136, 522
4137, 522
4138, 522
4139, 522
4140, 522
4141, 522
4142, 522
4143, 522
4144, 522
4145, 522
4146, 522
4147, 522
4148, 522
4149, 522
4150, 522
4151, 522
4152, 522
4153, 522
4154, 522
4155, 522
4156, 522
4157, 522
4158, 522
4159, 522
4160, 522
4161, 522
4162, 522
4163, 522
4164, 522
4165, 522
4166, 522
4167, 522
4168, 522
4169, 522
4170, 522
4171, 522
4172, 522
4173, 522
4174, 522
4175, 522
4176, 522
4177, 522
4178, 522
4179, 522
4180, 522
4181, 522
4182, 522
4183, 522
4184, 522
4185, 522
4186, 522
4187, 522
4188, 522
4189, 522
4190, 522
4191, 522
4192, 522
4193, 522
4194, 522
4195, 522
4196, 522
4197, 522
4198, 522
4199, 522
4200, 522
4201, 522
4202, 522
4203, 522
4204, 522
4205, 522
4206, 522
4207, 522
4208, 522
4209, 522
4210, 522
4211, 522
4212, 522
4213, 522
4214, 522
4215, 522
4216, 522
4217, 522
4218, 522
4219, 522
4220, 522
4221, 522
4222, 522
4223, 522
4224, 522
4225, 522
4226, 522
4227, 522
4228, 522
4229, 522
4230, 522
4231, 522
4232, 522
4233, 522
4234, 522
4235, 522
4236, 522
4237, 522
4238, 522
4239, 522
4240, 522
4241, 522
4242, 522
4243, 522
4244, 522
4245, 522
4246, 522
4247, 522
4248, 522
4249, 522
4250, 522
4251, 522
4252, 522
4253, 522
4254, 522
4255, 522
4256, 522
4257, 522
4258, 522
4259, 522
4260, 522
4261, 522
4262, 522
4263, 522
4264, 522
4265, 522
4266, 522
4267, 522
4268, 522
4269, 522
4270, 522
4271, 522
4272, 522
4273, 522
4274, 522
4275, 522
4276, 522
4277, 522
4278, 522
4279, 522
4280, 522
4281, 522
4282, 522
4283, 522
4284, 522
4285, 522
4286, 522
4287, 522
4288, 522
4289, 522
4290, 522
4291, 522
4292, 522
4293, 522
4294, 522
4295, 522
4296, 522
4297, 522
4298, 522
4299, 522
4300, 522
4301, 522
4302, 522
4303, 522
4304, 522
4305, 522
4306, 522
4307, 522
4308, 522
4309, 522
4310, 522
4311, 522
4312, 522
4313, 522
4314, 522
4315, 522
4316, 522
4317, 522
4318, 522
4319, 522
4320, 522
4321, 522
4322, 522
4323, 522
4324, 522
4325, 522
4326, 522
4327, 522
4328, 522
4329, 522
4330, 522
4331, 522
4332, 522
4333, 522
4334, 522
4335, 522
4336, 522
4337, 522
4338, 522
4339, 522
4340, 522
4341, 522
4342, 522
4343, 522
4344, 522
4345, 522
4346, 522
4347, 522
4348, 522
4349, 522
4350, 522
4351, 522
4352, 522
4353, 522
4354, 522
4355, 522
4356, 522
4357, 522
4358, 522
4359, 522
4360, 522
4361, 522
4362, 522
4363, 522
4364, 522
4365, 522
4366, 522
4367, 522
4368, 522
4369, 522
4370, 522
4371, 522
4372, 522
4373, 522
4374, 522
4375, 522
4376, 522
4377, 522
4378, 522
4379, 522
4380, 522
4381, 522
4382, 522
4383, 522
4384, 522
4385, 522
4386, 522
4387, 522
4388, 522
4389, 522
4390, 522
4391, 522
4392, 522
4393, 522
4394, 522
4395, 522
4396, 522
4397, 522
4398, 522
4399, 522
4400, 522
4401, 522
4402, 522
4403, 522
4404, 522
4405, 522
4406, 522
4407, 522
4408, 522
4409, 522
4410, 522
4411, 522
4412, 522
4413, 522
4414, 522
4415, 522
4416, 522
4417, 522
4418, 522
4419, 522
4420, 522
4421, 522
4422, 522
4423, 522
4424, 522
4425, 522
4426, 522
4427, 522
4428, 522
4429, 522
4430, 522
4431, 522
4432, 522
4433, 522
4434, 522
4435, 522
4436, 522
4437, 522
4438, 522
4439, 522
4440, 522
4441, 522
4442, 522
4443, 522
4444, 522
4445, 522
4446, 522
4447, 522
4448, 522
4449, 522
4450, 522
4451, 522
4452, 522
4453, 522
4454, 522
4455, 522
4456, 522
4457, 522
4458, 522
4459, 522
4460, 522
4461, 522
4462, 522
4463, 522
4464, 522
4465, 522
4466, 522
4467, 522
4468, 522
4469, 522
4470, 522
4471, 522
4472, 522
4473, 522
4474, 522
4475, 522
4476, 522
4477, 522
4478, 522
4479, 522
4480, 522
4481, 522
4482, 522
4483, 522
4484, 522
4485, 522
4486, 522
4487, 522
4488, 522
4489, 522
4490, 522
4491, 522
4492, 522
4493, 522
4494, 522
4495, 522
4496, 522
4497, 522
4498, 522
4499, 522
4500, 522
4501, 522
4502, 522
4503, 522
4504, 522
4505, 522
4506, 522
4507, 522
4508, 522
4509, 522
4510, 522
4511, 522
4512, 522
4513, 522
4514, 522
4515, 522
4516, 522
4517, 522
4518, 522
4519, 522
4520, 522
4521, 522
4522, 522
4523, 522
4524, 522
4525, 522
4526, 522
4527, 522
4528, 522
4529, 522
4530, 522
4531, 522
4532, 522
4533, 522
4534, 522
4535, 522
4536, 522
4537, 522
4538, 522
4539, 522
4540, 522
4541, 522
4542, 522
4543, 522
4544, 522
4545, 522
4546, 522
4547, 522
4548, 522
4549, 522
4550, 522
4551, 522
4552, 522
4553, 522
4554, 522
4555, 522
4556, 522
4557, 522
4558, 522
4559, 522
4560, 522
4561, 522
4562, 522
4563, 522
4564, 522
4565, 522
4566, 522
4567, 522
4568, 522
4569, 522
4570, 522
4571, 522
4572, 522
4573, 522
4574, 522
4575, 522
4576, 522
4577, 522
4578, 522
4579, 522
4580, 522
4581, 522
4582, 522
4583, 522
4584, 522
4585, 522
4586, 522
4587, 522
4588, 522
4589, 522
4590, 522
4591, 522
4592, 522
4593, 522
4594, 522
4595, 522
4596, 522
4597, 522
4598, 522
4599, 522
4600, 522
4601, 522
4602, 522
4603, 522
4604, 522
4605, 522
4606, 522
4607, 522
4608, 522
4609, 522
4610, 522
4611, 522
4612, 522
4613, 522
4614, 522
4615, 522
4616, 522
4617, 522
4618, 522
4619, 522
4620, 522
4621, 522
4622, 522
4623, 522
4624, 522
4625, 522
4626, 522
4627, 522
4628, 522
4629, 522
4630, 522
4631, 522
4632, 522
4633, 522
4634, 522
4635, 522
4636, 522
4637, 522
4638, 522
4639, 522
4640, 522
4641, 522
4642, 522
4643, 522
4644, 522
4645, 522
4646, 522
4647, 522
4648, 522
4649, 522
4650, 522
4651, 522
4652, 522
4653, 522
4654, 522
4655, 522
4656, 522
4657, 522
4658, 522
4659, 522
4660, 522
4661, 522
4662, 522
4663, 522
4664, 522
4665, 522
4666, 522
4667, 522
4668, 522
4669, 522
4670, 522
4671, 522
4672, 522
4673, 522
4674, 522
4675, 522
4676, 522
4677, 522
4678, 522
4679, 522
4680, 522
4681, 522
4682, 522
4683, 522
4684, 522
4685, 522
4686, 522
4687, 522
4688, 522
4689, 522
4690, 522
4691, 522
4692, 522
4693, 522
4694, 522
4695, 522
4696, 522
4697, 522
4698, 522
4699, 522
4700, 522
4701, 522
4702, 522
4703, 522
4704, 522
4705, 522
4706, 522
4707, 522
4708, 522
4709, 522
4710, 522
4711, 522
4712, 522
4713, 522
4714, 522
4715, 522
4716, 522
4717, 522
4718, 522
4719, 522
4720, 522
4721, 522
4722, 522
4723, 522
4724, 522
4725, 522
4726, 522
4727, 522
4728, 522
4729, 522
4730, 522
4731, 522
4732, 522
4733, 522
4734, 522
4735, 522
4736, 522
4737, 522
4738, 522
4739, 522
4740, 522
4741, 522
4742, 522
4743, 522
4744, 522
4745, 522
4746, 522
4747, 522
4748, 522
4749, 522
4750, 522
4751, 522
4752, 522
4753, 522
4754, 522
4755, 522
4756, 522
4757, 522
4758, 522
4759, 522
4760, 522
4761, 522
4762, 522
4763, 522
4764, 522
4765, 522
4766, 522
4767, 522
4768, 522
4769, 522
4770, 522
4771, 522
4772, 522
4773, 522
4774, 522
4775, 522
4776, 522
4777, 522
4778, 522
4779, 522
4780, 522
4781, 522
4782, 522
4783, 522
4784, 522
4785, 522
4786, 522
4787, 522
4788, 522
4789, 522
4790, 522
4791, 522
4792, 522
4793, 522
4794, 522
4795, 522
4796, 522
4797, 522
4798, 522
4799, 522
4800, 522
4801, 522
4802, 522
4803, 522
4804, 522
4805, 522
4806, 522
4807, 522
4808, 522
4809, 522
4810, 522
4811, 522
4812, 522
4813, 522
4814, 522
4815, 522
4816, 522
4817, 522
4818, 522
4819, 522
4820, 522
4821, 522
4822, 522
4823, 522
4824, 522
4825, 522
4826, 522
4827, 522
4828, 522
4829, 522
4830, 522
4831, 522
4832, 522
4833, 522
4834, 522
4835, 522
4836, 522
4837, 522
4838, 522
4839, 522
4840, 522
4841, 522
4842, 522
4843, 522
4844, 522
4845, 522
4846, 522
4847, 522
4848, 522
4849, 522
4850, 522
4851, 522
4852, 522
4853, 522
4854, 522
4855, 522
4856, 522
4857, 522
4858, 522
4859, 522
4860, 522
4861, 522
4862, 522
4863, 522
4864, 522
4865, 522
4866, 522
4867, 522
4868, 522
4869, 522
4870, 522
4871, 522
4872, 522
4873, 522
4874, 522
4875, 522
4876, 522
4877, 522
4878, 522
4879, 522
4880, 522
4881, 522
4882, 522
4883, 522
4884, 522
4885, 522
4886, 522
4887, 522
4888, 522
4889, 522
4890, 522
4891, 522
4892, 522
4893, 522
4894, 522
4895, 522
4896, 522
4897, 522
4898, 522
4899, 522
4900, 522
4901, 522
4902, 522
4903, 522
4904, 522
4905, 522
4906, 522
4907, 522
4908, 522
4909, 522
4910, 522
4911, 522
4912, 522
4913, 522
4914, 522
4915, 522
4916, 522
4917, 522
4918, 522
4919, 522
4920, 522
4921, 522
4922, 522
4923, 522
4924, 522
4925, 522
4926, 522
4927, 522
4928, 522
4929, 522
4930, 522
4931, 522
4932, 522
4933, 522
4934, 522
4935, 522
4936, 522
4937, 522
4938, 522
4939, 522
4940, 522
4941, 522
4942, 522
4943, 522
4944, 522
4945, 522
4946, 522
4947, 522
4948, 522
4949, 522
4950, 522
4951, 522
4952, 522
4953, 522
4954, 522
4955, 522
4956, 522
4957, 522
4958, 522
4959, 522
4960, 522
4961, 522
4962, 522
4963, 522
4964, 522
4965, 522
4966, 522
4967, 522
4968, 522
4969, 522
4970, 522
4971, 522
4972, 522
4973, 522
4974, 522
4975, 522
4976, 522
4977, 522
4978, 522
4979, 522
4980, 522
4981, 522
4982, 522
4983, 522
4984, 522
4985, 522
4986, 522
4987, 522
4988, 522
4989, 522
4990, 522
4991, 522
4992, 522
4993, 522
4994, 522
4995, 522
4996, 522
4997, 522
4998, 522
4999, 522
5000, 522
